TAID,Pubchem CID,IUPAC Name,SMILES,Canonical_SMILES,InChIKey,rat_intravenous_LD50
TOX-69105,9887295,"1-[6-(benzenesulfonyl)-3-hydroxy-2,2-dimethyl-3,4-dihydrochromen-4-yl]pyrrolidin-2-one",CC1(C)Oc2ccc(S(=O)(=O)c3ccccc3)cc2C(N2CCCC2=O)C1O,CC1(C)Oc2ccc(S(=O)(=O)c3ccccc3)cc2C(N2CCCC2=O)C1O,LKAQWOWWTKFLNX-UHFFFAOYSA-N,0.496458273
TOX-5811,8172,2-[2-(2-hydroxyethoxy)ethoxy]ethanol,OCCOCCOCCO,OCCOCCOCCO,ZIBGPFATKBEMQZ-UHFFFAOYSA-N,1.108408887
TOX-2835,4101,"1,3,5,7-tetrazatricyclo[3.3.1.13,7]decane",C1N2CN3CN1CN(C2)C3,C1N2CN3CN1CN(C2)C3,VKYKSIONXSXAKP-UHFFFAOYSA-N,1.182929208
TOX-3906,174,"ethane-1,2-diol",OCCO,OCCO,LYCAIKOWRPUZTN-UHFFFAOYSA-N,1.279650151
TOX-5749,8087,1-(2-hydroxypropoxy)propan-2-ol,CC(O)COCC(C)O,CC(O)COCC(C)O,AZUXKVXMJOIAOF-UHFFFAOYSA-N,1.36424361
TOX-1351,5281654,"3,5,7-trihydroxy-2-(4-hydroxy-3-methoxyphenyl)chromen-4-one",COc1cc(-c2oc3cc(O)cc(O)c3c(=O)c2O)ccc1O,COc1cc(-c2oc3cc(O)cc(O)c3c(=O)c2O)ccc1O,IZQSVPBOUDKVDZ-UHFFFAOYSA-N,1.454728154
TOX-8533,12665,piperidin-2-one,O=C1CCCCN1,O=C1CCCCN1,XUWHAWMETYGRKB-UHFFFAOYSA-N,1.519096994
TOX-3029,5316,"3,3-dimethyl-4,4,7-trioxo-4lambda6-thia-1-azabicyclo[3.2.0]heptane-2-carboxylic acid",CC1(C)C(C(=O)O)N2C(=O)CC2S1(=O)=O,CC1(C)C(C(=O)O)N2C(=O)CC2S1(=O)=O,FKENQMMABCRJMK-UHFFFAOYSA-N,1.554898986
TOX-38407,42366,"2-[[3-acetamido-2,4,6-triiodo-5-(methylcarbamoyl)benzoyl]amino]propanoic acid",CNC(=O)c1c(I)c(NC(C)=O)c(I)c(C(=O)NC(C)C(=O)O)c1I,CNC(=O)c1c(I)c(NC(C)=O)c(I)c(C(=O)NC(C)C(=O)O)c1I,HSGXTFDCAGKVDK-UHFFFAOYSA-N,1.568515039
TOX-38408,3044553,"3-[[2,4,6-triiodo-3-[(2-methoxyacetyl)amino]-5-(methylcarbamoyl)benzoyl]amino]propanoic acid",CNC(=O)c1c(I)c(NC(=O)COC)c(I)c(C(=O)NCCC(=O)O)c1I,CNC(=O)c1c(I)c(NC(=O)COC)c(I)c(C(=O)NCCC(=O)O)c1I,RUVULDYMOGRFPB-UHFFFAOYSA-N,1.599045685
TOX-34270,206363,"2-[[3-acetamido-2,4,6-triiodo-5-(methylcarbamoyl)benzoyl]-methylamino]acetic acid",CNC(=O)c1c(I)c(NC(C)=O)c(I)c(C(=O)N(C)CC(=O)O)c1I,CNC(=O)c1c(I)c(NC(C)=O)c(I)c(C(=O)N(C)CC(=O)O)c1I,GKELZQGBXQGTPA-UHFFFAOYSA-N,1.659595508
TOX-57455,158613,"2-(1,3-thiazolidine-3-carbonyl)benzoic acid",O=C(O)c1ccccc1C(=O)N1CCSC1,O=C(O)c1ccccc1C(=O)N1CCSC1,XVAYJUBRRZOANH-UHFFFAOYSA-N,1.676291129
TOX-3486,978,4-aminobenzoic acid,Nc1ccc(C(=O)O)cc1,Nc1ccc(C(=O)O)cc1,ALYNCZNDIQEVRV-UHFFFAOYSA-N,1.696248729
TOX-2753,3731,"1-N,3-N-bis(2,3-dihydroxypropyl)-5-[(2-hydroxyacetyl)-methylamino]-2,4,6-triiodobenzene-1,3-dicarboxamide",CN(C(=O)CO)c1c(I)c(C(=O)NCC(O)CO)c(I)c(C(=O)NCC(O)CO)c1I,CN(C(=O)CO)c1c(I)c(C(=O)NCC(O)CO)c(I)c(C(=O)NCC(O)CO)c1I,NJKDOADNQSYQEV-UHFFFAOYSA-N,1.735134165
TOX-1952,3276,N-(2-hydroxyethyl)-2-(2-nitroimidazol-1-yl)acetamide,O=C(Cn1ccnc1[N+](=O)[O-])NCCO,O=C(Cn1ccnc1[N+](=O)[O-])NCCO,WCDWBPCFGJXFJZ-UHFFFAOYSA-N,1.760705237
TOX-33190,38529,"3-acetamido-5-[2-(2-hydroxyethylamino)-2-oxoethyl]-2,4,6-triiodobenzoic acid",CC(=O)Nc1c(I)c(CC(=O)NCCO)c(I)c(C(=O)O)c1I,CC(=O)Nc1c(I)c(CC(=O)NCCO)c(I)c(C(=O)O)c1I,AMZAGJCNCHZARH-UHFFFAOYSA-N,1.776812087
TOX-67188,2245,,CNC(=O)CC(N)C(=O)NC(C(=O)NC1C(=O)N2C1SC(C)(C)C2C(=O)O)c1ccc(O)cc1,CNC(=O)CC(N)C(=O)NC(C(=O)NC1C(=O)N2C1SC(C)(C)C2C(=O)O)c1ccc(O)cc1,BHELIUBJHYAEDK-UHFFFAOYSA-N,1.79023413
TOX-2941,4837,piperazine,C1CNCCN1,C1CNCCN1,GLUUGHFHXGJENI-UHFFFAOYSA-N,1.808089985
TOX-7499,68212,"3,5-diiodo-1-methyl-4-oxopyridine-2,6-dicarboxylic acid",Cn1c(C(=O)O)c(I)c(=O)c(I)c1C(=O)O,Cn1c(C(=O)O)c(I)c(=O)c(I)c1C(=O)O,QXXSPCOLSLNNNE-UHFFFAOYSA-N,1.819677455
TOX-4115,6503,"2-amino-2-(hydroxymethyl)propane-1,3-diol",NC(CO)(CO)CO,NC(CO)(CO)CO,LENZDBCJOHFCAS-UHFFFAOYSA-N,1.828000724
TOX-4174,65632,2-[2-oxo-2-[(2-oxothiolan-3-yl)amino]ethyl]sulfanylacetic acid,O=C(O)CSCC(=O)NC1CCSC1=O,O=C(O)CSCC(=O)NC1CCSC1=O,QGFORSXNKQLDNO-UHFFFAOYSA-N,1.85267688
TOX-22273,265071,"2-amino-2-[5-amino-2-methyl-6-(2,3,4,5,6-pentahydroxycyclohexyl)oxyoxan-3-yl]iminoacetic acid",CC1OC(OC2C(O)C(O)C(O)C(O)C2O)C(N)CC1NC(=N)C(=O)O,CC1OC(OC2C(O)C(O)C(O)C(O)C2O)C(N)CC1NC(=N)C(=O)O,PVTHJAPFENJVNC-UHFFFAOYSA-N,1.863055062
TOX-1970,4252,7-[[2-(difluoromethylsulfanyl)acetyl]amino]-3-[[1-(2-hydroxyethyl)tetrazol-5-yl]sulfanylmethyl]-7-methoxy-8-oxo-5-oxa-1-azabicyclo[4.2.0]oct-2-ene-2-carboxylic acid,COC1(NC(=O)CSC(F)F)C(=O)N2C(C(=O)O)=C(CSc3nnnn3CCO)COC21,COC1(NC(=O)CSC(F)F)C(=O)N2C(C(=O)O)=C(CSc3nnnn3CCO)COC21,UHRBTBZOWWGKMK-UHFFFAOYSA-N,1.88856447
TOX-1991,60755,2-[bis[2-[carboxymethyl-[2-(methylamino)-2-oxoethyl]amino]ethyl]amino]acetic acid,CNC(=O)CN(CCN(CCN(CC(=O)O)CC(=O)NC)CC(=O)O)CC(=O)O,CNC(=O)CN(CCN(CCN(CC(=O)O)CC(=O)NC)CC(=O)O)CC(=O)O,RZESKRXOCXWCFX-UHFFFAOYSA-N,1.920492717
TOX-4140,3417,(3-methyloxiran-2-yl)phosphonic acid,CC1OC1P(=O)(O)O,CC1OC1P(=O)(O)O,YMDXZJFXQJVXBF-UHFFFAOYSA-N,1.946940125
TOX-25305,32112,"N-[1,3-dihydroxy-1-(4-nitrophenyl)propan-2-yl]-2-hydroxyacetamide",O=C(CO)NC(CO)C(O)c1ccc([N+](=O)[O-])cc1,O=C(CO)NC(CO)C(O)c1ccc([N+](=O)[O-])cc1,BZEQYQTWTWMDNK-UHFFFAOYSA-N,1.961929223
TOX-4072,598,2-sulfanylethanesulfonic acid,O=S(=O)(O)CCS,O=S(=O)(O)CCS,ZNEWHQLOPFWXOF-UHFFFAOYSA-N,1.973925703
TOX-8950,13178,2-diazo-N-(2-hydrazinyl-2-oxoethyl)acetamide,[N-]=[N+]=CC(=O)NCC(=O)NN,[N-]=[N+]=CC(=O)NCC(=O)NN,MOUDDNPBPJHZHZ-UHFFFAOYSA-N,1.993506715
TOX-4464,1031,propan-1-ol,CCCO,CCCO,BDERNNFJNOPAEC-UHFFFAOYSA-N,2.007993555
TOX-3523,2614,7-[(2-hydroxy-2-phenylacetyl)amino]-3-[(1-methyltetrazol-5-yl)sulfanylmethyl]-8-oxo-5-thia-1-azabicyclo[4.2.0]oct-2-ene-2-carboxylic acid,Cn1nnnc1SCC1=C(C(=O)O)N2C(=O)C(NC(=O)C(O)c3ccccc3)C2SC1,Cn1nnnc1SCC1=C(C(=O)O)N2C(=O)C(NC(=O)C(O)c3ccccc3)C2SC1,OLVCFLKTBJRLHI-UHFFFAOYSA-N,2.020685355
TOX-2776,594,2-amino-3-sulfanylpropanoic acid,NC(CS)C(=O)O,NC(CS)C(=O)O,XUJNEKJLAYXESH-UHFFFAOYSA-N,2.026457998
TOX-1683,581,2-acetamido-3-sulfanylpropanoic acid,CC(=O)NC(CS)C(=O)O,CC(=O)NC(CS)C(=O)O,PWKSKIMOESPYIA-UHFFFAOYSA-N,2.039264871
TOX-3201,2882,5-[3-(2-carboxy-4-oxochromen-5-yl)oxy-2-hydroxypropoxy]-4-oxochromene-2-carboxylic acid,O=C(O)c1cc(=O)c2c(OCC(O)COc3cccc4oc(C(=O)O)cc(=O)c34)cccc2o1,O=C(O)c1cc(=O)c2c(OCC(O)COc3cccc4oc(C(=O)O)cc(=O)c34)cccc2o1,IMZMKUWMOSJXDT-UHFFFAOYSA-N,2.068529079
TOX-56573,53395236,"7-[[2-(2-amino-1,3-thiazol-4-yl)-2-methoxyiminoacetyl]amino]-8-oxo-3-(thiadiazol-5-ylsulfanylmethyl)-5-thia-1-azabicyclo[4.2.0]oct-2-ene-2-carboxylic acid",CON=C(C(=O)NC1C(=O)N2C(C(=O)O)=C(CSc3cnns3)CSC12)c1csc(N)n1,CON=C(C(=O)NC1C(=O)N2C(C(=O)O)=C(CSc3cnns3)CSC12)c1csc(N)n1,CXHKZHZLDMQGFF-UHFFFAOYSA-N,2.085113551
TOX-66754,14424067,,COc1ccc(-c2cc(=O)c3c(OCCO)cc(OC4OC(COC5OC(C)C(O)C(O)C5O)C(O)C(O)C4O)cc3o2)cc1O,COc1ccc(-c2cc(=O)c3c(OCCO)cc(OC4OC(COC5OC(C)C(O)C(O)C5O)C(O)C(O)C4O)cc3o2)cc1O,XYFLWVOTXWXNAM-UHFFFAOYSA-N,2.115678396
TOX-4062,135402037,"9-[3,4-dihydroxy-5-(hydroxymethyl)oxolan-2-yl]-1H-purin-6-one",O=c1nc[nH]c2c1ncn2C1OC(CO)C(O)C1O,O=c1nc[nH]c2c1ncn2C1OC(CO)C(O)C1O,UGQMRVRMYYASKQ-UHFFFAOYSA-N,2.127475735
TOX-29164,2673,"7-[(2-amino-2-cyclohexa-1,4-dien-1-ylacetyl)amino]-3-methyl-8-oxo-5-thia-1-azabicyclo[4.2.0]oct-2-ene-2-carboxylic acid",CC1=C(C(=O)O)N2C(=O)C(NC(=O)C(N)C3=CCC=CC3)C2SC1,CC1=C(C(=O)O)N2C(=O)C(NC(=O)C(N)C3=CCC=CC3)C2SC1,RDLPVSKMFDYCOR-UHFFFAOYSA-N,2.145397807
TOX-57837,13187820,3-(carbamoyloxymethyl)-6-(1-hydroxyethyl)-7-oxo-4-thia-1-azabicyclo[3.2.0]hept-2-ene-2-carboxylic acid,CC(O)C1C(=O)N2C(C(=O)O)=C(COC(N)=O)SC12,CC(O)C1C(=O)N2C(C(=O)O)=C(COC(N)=O)SC12,IKQNRQOUOZJHTR-UHFFFAOYSA-N,2.158786024
TOX-4126,2630,"7-[[2-[(4-ethyl-2,3-dioxopiperazine-1-carbonyl)amino]-2-(4-hydroxyphenyl)acetyl]amino]-3-[(1-methyltetrazol-5-yl)sulfanylmethyl]-8-oxo-5-thia-1-azabicyclo[4.2.0]oct-2-ene-2-carboxylic acid",CCN1CCN(C(=O)NC(C(=O)NC2C(=O)N3C(C(=O)O)=C(CSc4nnnn4C)CSC23)c2ccc(O)cc2)C(=O)C1=O,CCN1CCN(C(=O)NC(C(=O)NC2C(=O)N3C(C(=O)O)=C(CSc4nnnn4C)CSC23)c2ccc(O)cc2)C(=O)C1=O,GCFBRXLSHGKWDP-UHFFFAOYSA-N,2.180607735
TOX-62755,26444,"5-ethyl-1,3,4-thiadiazol-2-amine",CCc1nnc(N)s1,CCc1nnc(N)s1,QXTRPGAMVIONMK-UHFFFAOYSA-N,2.202737156
TOX-9479,291,"2-[[[5-(4-amino-2-oxopyrimidin-1-yl)-3,4-dihydroxyoxolan-2-yl]methoxy-hydroxyphosphoryl]oxy-hydroxyphosphoryl]oxyethyl-trimethylazanium",C[N+](C)(C)CCOP(=O)(O)OP(=O)(O)OCC1OC(n2ccc(N)nc2=O)C(O)C1O,C[N+](C)(C)CCOP(=O)(O)OP(=O)(O)OCC1OC(n2ccc(N)nc2=O)C(O)C1O,RZZPDXZPRHQOCG-UHFFFAOYSA-O,2.216411371
TOX-56763,3068036,"2-(3,4-dimethoxyphenyl)-1,3-thiazinan-4-one",COc1ccc(C2NC(=O)CCS2)cc1OC,COc1ccc(C2NC(=O)CCS2)cc1OC,HQOIEHGBVFDGJI-UHFFFAOYSA-N,2.227583364
TOX-4179,774,2-(1H-imidazol-5-yl)ethanamine,NCCc1cnc[nH]1,NCCc1cnc[nH]1,NTYJJOPFIAHURM-UHFFFAOYSA-N,2.246561103
TOX-4487,6318,4-chlorobenzoic acid,O=C(O)c1ccc(Cl)cc1,O=C(O)c1ccc(Cl)cc1,XRHGYUZYPHTUJZ-UHFFFAOYSA-N,2.271458985
TOX-58095,13175184,7-[[2-[(5-carboxy-1H-imidazole-4-carbonyl)amino]-2-phenylacetyl]amino]-8-oxo-3-[[4-(2-sulfoethyl)pyridin-1-ium-1-yl]methyl]-5-thia-1-azabicyclo[4.2.0]oct-2-ene-2-carboxylic acid,O=C(O)C1=C(C[n+]2ccc(CCS(=O)(=O)O)cc2)CSC2C(NC(=O)C(NC(=O)c3[nH]cnc3C(=O)O)c3ccccc3)C(=O)N12,O=C(O)C1=C(C[n+]2ccc(CCS(=O)(=O)O)cc2)CSC2C(NC(=O)C(NC(=O)c3[nH]cnc3C(=O)O)c3ccccc3)C(=O)N12,LNZMRLHZGOBKAN-UHFFFAOYSA-O,2.283100838
TOX-15020,21795,"3-[[10-[3-carboxy-2,4,6-triiodo-5-(methylcarbamoyl)anilino]-10-oxodecanoyl]amino]-2,4,6-triiodo-5-(methylcarbamoyl)benzoic acid",CNC(=O)c1c(I)c(NC(=O)CCCCCCCCC(=O)Nc2c(I)c(C(=O)O)c(I)c(C(=O)NC)c2I)c(I)c(C(=O)O)c1I,CNC(=O)c1c(I)c(NC(=O)CCCCCCCCC(=O)Nc2c(I)c(C(=O)O)c(I)c(C(=O)NC)c2I)c(I)c(C(=O)O)c1I,RXUVYYAWLAIABB-UHFFFAOYSA-N,2.297719404
TOX-3477,43085,"3,3-dimethyl-6-[[2-[(3-methylsulfonyl-2-oxoimidazolidine-1-carbonyl)amino]-2-phenylacetyl]amino]-7-oxo-4-thia-1-azabicyclo[3.2.0]heptane-2-carboxylic acid",CC1(C)SC2C(NC(=O)C(NC(=O)N3CCN(S(C)(=O)=O)C3=O)c3ccccc3)C(=O)N2C1C(=O)O,CC1(C)SC2C(NC(=O)C(NC(=O)N3CCN(S(C)(=O)=O)C3=O)c3ccccc3)C(=O)N2C1C(=O)O,YPBATNHYBCGSSN-UHFFFAOYSA-N,2.311120096
TOX-5863,8284,"2,2-diethylpropane-1,3-diol",CCC(CC)(CO)CO,CCC(CC)(CO)CO,XRVCFZPJAHWYTB-UHFFFAOYSA-N,2.318467585
TOX-2499,2459,2-[(2-methyl-2-sulfanylpropanoyl)amino]-3-sulfanylpropanoic acid,CC(C)(S)C(=O)NC(CS)C(=O)O,CC(C)(S)C(=O)NC(CS)C(=O)O,VUAFHZCUKUDDBC-UHFFFAOYSA-N,2.329312236
TOX-4621,6560,2-methylpropan-1-ol,CC(C)CO,CC(C)CO,ZXEKIIBDNHEJCQ-UHFFFAOYSA-N,2.338474071
TOX-2190,1049,pyridine,c1ccncc1,c1ccncc1,JUJWROOIHBZHMG-UHFFFAOYSA-N,2.341884963
TOX-56800,3068069,"2-(3,4-dimethoxyphenyl)-4-methyl-1,3-thiazole-5-carboxamide",COc1ccc(-c2nc(C)c(C(N)=O)s2)cc1OC,COc1ccc(-c2nc(C)c(C(N)=O)s2)cc1OC,KUUQMVAMUVEWCA-UHFFFAOYSA-N,2.365383455
TOX-3037,5325,4-amino-N-(4-methylpyrimidin-2-yl)benzenesulfonamide,Cc1ccnc(NS(=O)(=O)c2ccc(N)cc2)n1,Cc1ccnc(NS(=O)(=O)c2ccc(N)cc2)n1,QPPBRPIAZZHUNT-UHFFFAOYSA-N,2.38072091
TOX-7787,3481,"2,3,4,5,6-pentahydroxy-1-[4-[4-[(2,3,4,5,6-pentahydroxy-1-sulfohexyl)amino]phenyl]sulfonylanilino]hexane-1-sulfonic acid",O=S(=O)(c1ccc(NC(C(O)C(O)C(O)C(O)CO)S(=O)(=O)O)cc1)c1ccc(NC(C(O)C(O)C(O)C(O)CO)S(=O)(=O)O)cc1,O=S(=O)(c1ccc(NC(C(O)C(O)C(O)C(O)CO)S(=O)(=O)O)cc1)c1ccc(NC(C(O)C(O)C(O)C(O)CO)S(=O)(=O)O)cc1,SQQCWHCJRWYRLB-UHFFFAOYSA-N,2.3901983
TOX-7944,11464,4-bromobenzoic acid,O=C(O)c1ccc(Br)cc1,O=C(O)c1ccc(Br)cc1,TUXYZHVUPGXXQG-UHFFFAOYSA-N,2.393681079
TOX-3403,3415,phosphonoformic acid,O=C(O)P(=O)(O)O,O=C(O)P(=O)(O)O,ZJAOAACCNHFJAH-UHFFFAOYSA-N,2.401414328
TOX-3860,2271,"3,3-dimethyl-7-oxo-6-[[2-[(2-oxoimidazolidine-1-carbonyl)amino]-2-phenylacetyl]amino]-4-thia-1-azabicyclo[3.2.0]heptane-2-carboxylic acid",CC1(C)SC2C(NC(=O)C(NC(=O)N3CCNC3=O)c3ccccc3)C(=O)N2C1C(=O)O,CC1(C)SC2C(NC(=O)C(NC(=O)N3CCNC3=O)c3ccccc3)C(=O)N2C1C(=O)O,JTWOMNBEOCYFNV-UHFFFAOYSA-N,2.410591416
TOX-12967,2709,"4-[2-[(2,2-dichloroacetyl)amino]-3-hydroxy-3-(4-nitrophenyl)propoxy]-4-oxobutanoic acid",O=C(O)CCC(=O)OCC(NC(=O)C(Cl)Cl)C(O)c1ccc([N+](=O)[O-])cc1,O=C(O)CCC(=O)OCC(NC(=O)C(Cl)Cl)C(O)c1ccc([N+](=O)[O-])cc1,LIRCDOVJWUGTMW-UHFFFAOYSA-N,2.420740937
TOX-1826,4487901,"7-[[2-(2-amino-1,3-thiazol-4-yl)-2-methoxyiminoacetyl]amino]-3-(6,7-dihydro-5H-cyclopenta[b]pyridin-1-ium-1-ylmethyl)-8-oxo-5-thia-1-azabicyclo[4.2.0]oct-2-ene-2-carboxylic acid",CON=C(C(=O)NC1C(=O)N2C(C(=O)O)=C(C[n+]3cccc4c3CCC4)CSC12)c1csc(N)n1,CON=C(C(=O)NC1C(=O)N2C(C(=O)O)=C(C[n+]3cccc4c3CCC4)CSC12)c1csc(N)n1,DKOQGJHPHLTOJR-UHFFFAOYSA-O,2.433556781
TOX-1815,9564,1-(4-aminophenyl)sulfonyl-3-butylurea,CCCCNC(=O)NS(=O)(=O)c1ccc(N)cc1,CCCCNC(=O)NS(=O)(=O)c1ccc(N)cc1,VDTNNGKXZGSZIP-UHFFFAOYSA-N,2.442290946
TOX-7881,2861016,"9-[3,4-dihydroxy-5-(hydroxymethyl)oxolan-2-yl]-3H-purine-6-thione",OCC1OC(n2cnc3c(=S)nc[nH]c32)C(O)C1O,OCC1OC(n2cnc3c(=S)nc[nH]c32)C(O)C1O,NKGPJODWTZCHGF-UHFFFAOYSA-N,2.453772277
TOX-56799,3068068,"4-methyl-N-propyl-2-(3,4,5-trimethoxyphenyl)-1,3-thiazole-5-carboxamide",CCCNC(=O)c1sc(-c2cc(OC)c(OC)c(OC)c2)nc1C,CCCNC(=O)c1sc(-c2cc(OC)c(OC)c(OC)c2)nc1C,QCDDOTXBQFZCPU-UHFFFAOYSA-N,2.465432426
TOX-2550,2762,"1-ethyl-4-oxo-[1,3]dioxolo[4,5-g]cinnoline-3-carboxylic acid",CCn1nc(C(=O)O)c(=O)c2cc3c(cc21)OCO3,CCn1nc(C(=O)O)c(=O)c2cc3c(cc21)OCO3,VDUWPHTZYNWKRN-UHFFFAOYSA-N,2.484169018
TOX-53398,3188,3-[[4-methyl-1-(3-methylbutylamino)-1-oxopentan-2-yl]carbamoyl]oxirane-2-carboxylic acid,CC(C)CCNC(=O)C(CC(C)C)NC(=O)C1OC1C(=O)O,CC(C)CCNC(=O)C(CC(C)C)NC(=O)C1OC1C(=O)O,SCMSYZJDIQPSDI-UHFFFAOYSA-N,2.497457672
TOX-45623,3050863,"N-(2-amino-2-oxoethyl)-2-(2,2-dimethyl-5-oxopyrrolidin-1-yl)propanamide",CC(C(=O)NCC(N)=O)N1C(=O)CCC1(C)C,CC(C(=O)NCC(N)=O)N1C(=O)CCC1(C)C,UOTGOMKASCGWBM-UHFFFAOYSA-N,2.509220521
TOX-7490,3383,2-(3-hydroxy-6-oxoxanthen-9-yl)benzoic acid,O=C(O)c1ccccc1-c1c2ccc(=O)cc-2oc2cc(O)ccc12,O=C(O)c1ccccc1-c1c2ccc(=O)cc-2oc2cc(O)ccc12,YKGGGCXBWXHKIZ-UHFFFAOYSA-N,2.521544717
TOX-55188,71234,N-[2-(pyridine-3-carbonylamino)propyl]pyridine-3-carboxamide,CC(CNC(=O)c1cccnc1)NC(=O)c1cccnc1,CC(CNC(=O)c1cccnc1)NC(=O)c1cccnc1,KTXBOOWDLPUROC-UHFFFAOYSA-N,2.529526597
TOX-2241,5336,4-amino-N-pyridin-2-ylbenzenesulfonamide,Nc1ccc(S(=O)(=O)Nc2ccccn2)cc1,Nc1ccc(S(=O)(=O)Nc2ccccn2)cc1,GECHUMIMRBOMGK-UHFFFAOYSA-N,2.539381072
TOX-55864,122113,"2-(2-hydroxyphenyl)-3-(3-sulfanylpropanoyl)-1,3-thiazolidine-4-carboxylic acid",O=C(O)C1CSC(c2ccccc2O)N1C(=O)CCS,O=C(O)C1CSC(c2ccccc2O)N1C(=O)CCS,BSHDUMDXSRLRBI-UHFFFAOYSA-N,2.549646727
TOX-2521,2610,7-[[2-amino-2-(4-hydroxyphenyl)acetyl]amino]-3-methyl-8-oxo-5-thia-1-azabicyclo[4.2.0]oct-2-ene-2-carboxylic acid,CC1=C(C(=O)O)N2C(=O)C(NC(=O)C(N)c3ccc(O)cc3)C2SC1,CC1=C(C(=O)O)N2C(=O)C(NC(=O)C(N)c3ccc(O)cc3)C2SC1,BOEGTKLJZSQCCD-UHFFFAOYSA-N,2.560378947
TOX-28631,35381,"4-(N-(4-chlorobenzoyl)-3,4-dimethoxyanilino)butanoic acid",COc1ccc(N(CCCC(=O)O)C(=O)c2ccc(Cl)cc2)cc1OC,COc1ccc(N(CCCC(=O)O)C(=O)c2ccc(Cl)cc2)cc1OC,IHCNQNQLZYSDFF-UHFFFAOYSA-N,2.577289542
TOX-2095,4264,"9-[4-[3,4-dihydroxy-5-[[3-(3-hydroxybutan-2-yl)oxiran-2-yl]methyl]oxan-2-yl]-3-methylbut-2-enoyl]oxynonanoic acid",CC(=CC(=O)OCCCCCCCCC(=O)O)CC1OCC(CC2OC2C(C)C(C)O)C(O)C1O,CC(=CC(=O)OCCCCCCCCC(=O)O)CC1OCC(CC2OC2C(C)C(C)O)C(O)C1O,MINDHVHHQZYEEK-UHFFFAOYSA-N,2.582244708
TOX-4210,2611,8-oxo-3-(pyridin-1-ium-1-ylmethyl)-7-[(2-thiophen-2-ylacetyl)amino]-5-thia-1-azabicyclo[4.2.0]oct-2-ene-2-carboxylic acid,O=C(Cc1cccs1)NC1C(=O)N2C(C(=O)O)=C(C[n+]3ccccc3)CSC12,O=C(Cc1cccs1)NC1C(=O)N2C(C(=O)O)=C(C[n+]3ccccc3)CSC12,CZTQZXZIADLWOZ-UHFFFAOYSA-O,2.592269569
TOX-7581,1053,[4-(aminomethyl)-5-hydroxy-6-methylpyridin-3-yl]methyl dihydrogen phosphate,Cc1ncc(COP(=O)(O)O)c(CN)c1O,Cc1ncc(COP(=O)(O)O)c(CN)c1O,ZMJGSOSNSPKHNH-UHFFFAOYSA-N,2.609428196
TOX-2688,3440,4-chloro-2-(furan-2-ylmethylamino)-5-sulfamoylbenzoic acid,NS(=O)(=O)c1cc(C(=O)O)c(NCc2ccco2)cc1Cl,NS(=O)(=O)c1cc(C(=O)O)c(NCc2ccco2)cc1Cl,ZZUFCTLCJUWOSV-UHFFFAOYSA-N,2.616408553
TOX-4081,47528,2-(pyridine-3-carbonylamino)ethyl nitrate,O=C(NCCO[N+](=O)[O-])c1cccnc1,O=C(NCCO[N+](=O)[O-])c1cccnc1,LBHIOVVIQHSOQN-UHFFFAOYSA-N,2.623942899
TOX-35679,1491184,"1,3-dimethyl-8-(4-methylpiperazin-1-yl)-7H-purine-2,6-dione",CN1CCN(c2nc3c([nH]2)c(=O)n(C)c(=O)n3C)CC1,CN1CCN(c2nc3c([nH]2)c(=O)n(C)c(=O)n3C)CC1,RVWNWJSCUDKZBC-UHFFFAOYSA-N,2.6383582
TOX-35130,68746,"2-methyl-3-[[2,4,6-triiodo-3-(1-morpholin-4-ylethylideneamino)benzoyl]amino]propanoic acid",C/C(=Nc1c(I)cc(I)c(C(=O)NCC(C)C(=O)O)c1I)N1CCOCC1,C/C(=Nc1c(I)cc(I)c(C(=O)NCC(C)C(=O)O)c1I)N1CCOCC1,OUMSIYHSIIRHKR-UHFFFAOYSA-N,2.641114057
TOX-4467,6276,pentan-1-ol,CCCCCO,CCCCCO,AMQJEAYHLZJPGS-UHFFFAOYSA-N,2.652966245
TOX-14038,20481,"4-methyl-1,3,2-dioxathiane 2-oxide",CC1CCOS(=O)O1,CC1CCOS(=O)O1,WGMZCGUVEQNCCE-UHFFFAOYSA-N,2.656966561
TOX-6178,7389,(4-aminophenyl)arsonic acid,Nc1ccc([As](=O)(O)O)cc1,Nc1ccc([As](=O)(O)O)cc1,XKNKHVGWJDPIRJ-UHFFFAOYSA-N,2.674034712
TOX-2310,3342,2-(3-phenoxyphenyl)propanoic acid,CC(C(=O)O)c1cccc(Oc2ccccc2)c1,CC(C(=O)O)c1cccc(Oc2ccccc2)c1,RDJGLLICXDHJDY-UHFFFAOYSA-N,2.685336805
TOX-17169,90306829,"2-[2-[3,4-bis(2-hydroxyethoxy)oxolan-2-yl]-2-(2-hydroxyethoxy)ethoxy]ethyl octadecanoate",CCCCCCCCCCCCCCCCCC(=O)OCCOCC(OCCO)C1OCC(OCCO)C1OCCO,CCCCCCCCCCCCCCCCCC(=O)OCCOCC(OCCO)C1OCC(OCCO)C1OCCO,DEKFZWMENCCOFU-UHFFFAOYSA-N,2.696712938
TOX-7001,9864,cyanamide,N#CN,N#CN,XZMCDFZZKTWFGF-UHFFFAOYSA-N,2.701124018
TOX-76731,5632,butyl 2-[3-(trifluoromethyl)anilino]benzoate,CCCCOC(=O)c1ccccc1Nc1cccc(C(F)(F)F)c1,CCCCOC(=O)c1ccccc1Nc1cccc(C(F)(F)F)c1,JDLSRXWHEBFHNC-UHFFFAOYSA-N,2.715155771
TOX-15585,71666,"N-[(4-amino-2-methylpyrimidin-5-yl)methyl]-N-[1-(2-oxo-1,3-oxathian-4-ylidene)ethyl]formamide",CC(=C1CCOC(=O)S1)N(C=O)Cc1cnc(C)nc1N,CC(=C1CCOC(=O)S1)N(C=O)Cc1cnc(C)nc1N,LLJDJQYGZBQFIF-UHFFFAOYSA-N,2.725634269
TOX-63839,59835,1-(azepan-1-yl)-3-(propan-2-ylamino)propan-2-ol,CC(C)NCC(O)CN1CCCCCC1,CC(C)NCC(O)CN1CCCCCC1,FWNWRFZEXUTZTD-UHFFFAOYSA-N,2.729069575
TOX-35661,3033044,1-(1-chloro-2-adamantyl)-2-diazoethanone,N#[N+][CH-]C(=O)C1C2CC3CC(C2)CC1(Cl)C3,N#[N+][CH-]C(=O)C1C2CC3CC(C2)CC1(Cl)C3,GGJBLTWIZGWCKQ-UHFFFAOYSA-N,2.734432491
TOX-4565,6488,2-bromo-N-carbamoyl-2-ethylbutanamide,CCC(Br)(CC)C(=O)NC(N)=O,CCC(Br)(CC)C(=O)NC(N)=O,OPNPQXLQERQBBV-UHFFFAOYSA-N,2.744498184
TOX-29805,214584,"ethyl 1-acetyl-6-methyl-4-oxo-7,8,9,9a-tetrahydro-6H-pyrido[1,2-a]pyrimidine-3-carboxylate",CCOC(=O)C1=CN(C(C)=O)C2CCCC(C)N2C1=O,CCOC(=O)C1=CN(C(C)=O)C2CCCC(C)N2C1=O,BETJUMPNNQRXLG-UHFFFAOYSA-N,2.749559736
TOX-60944,33944,2-piperidin-1-ylethanamine,NCCN1CCCCC1,NCCN1CCCCC1,CJNRGSHEMCMUOE-UHFFFAOYSA-N,2.775513926
TOX-72420,754,"2,3-dihydroxypropyl dihydrogen phosphate",O=P(O)(O)OCC(O)CO,O=P(O)(O)OCC(O)CO,AWUCVROLDVIAJX-UHFFFAOYSA-N,2.779346697
TOX-60524,57697,"9-methyl-3-(2H-tetrazol-5-yl)pyrido[1,2-a]pyrimidin-4-one",Cc1cccn2c(=O)c(-c3nn[nH]n3)cnc12,Cc1cccn2c(=O)c(-c3nn[nH]n3)cnc12,HIANJWSAHKJQTH-UHFFFAOYSA-N,2.787801246
TOX-24046,30729,"3,3-dimethyl-7-oxo-6-[(3-oxo-3-phenoxy-2-phenylpropanoyl)amino]-4-thia-1-azabicyclo[3.2.0]heptane-2-carboxylic acid",CC1(C)SC2C(NC(=O)C(C(=O)Oc3ccccc3)c3ccccc3)C(=O)N2C1C(=O)O,CC1(C)SC2C(NC(=O)C(C(=O)Oc3ccccc3)c3ccccc3)C(=O)N2C1C(=O)O,NZDASSHFKWDBBU-UHFFFAOYSA-N,2.806279361
TOX-7454,10535,2-bromo-2-ethylbutanamide,CCC(Br)(CC)C(N)=O,CCC(Br)(CC)C(N)=O,ACEYAMOAGUDVAQ-UHFFFAOYSA-N,2.824069892
TOX-31864,37835,"2,3-dihydro-[1,2]oxazolo[3,2-b]quinazolin-9-one",O=c1c2ccccc2nc2n1OCC2,O=c1c2ccccc2nc2n1OCC2,ZHIKRYZUZNUZFQ-UHFFFAOYSA-N,2.830542515
TOX-2982,5038,"1-[2-[(1-ethoxy-1-oxo-4-phenylbutan-2-yl)amino]propanoyl]-3,3a,4,5,6,6a-hexahydro-2H-cyclopenta[b]pyrrole-2-carboxylic acid",CCOC(=O)C(CCc1ccccc1)NC(C)C(=O)N1C(C(=O)O)CC2CCCC21,CCOC(=O)C(CCc1ccccc1)NC(C)C(=O)N1C(C(=O)O)CC2CCCC21,HDACQVRGBOVJII-UHFFFAOYSA-N,2.841482524
TOX-25372,212122,"1-(3,4-dichlorophenyl)-N-(4-phenyl-1,3-thiazol-2-yl)methanimine",Clc1ccc(C=Nc2nc(-c3ccccc3)cs2)cc1Cl,Clc1ccc(C=Nc2nc(-c3ccccc3)cs2)cc1Cl,MOGVGGVPTZXKMS-UHFFFAOYSA-N,2.846067426
TOX-20059,1131,"2-[3-[(4-amino-2-methylpyrimidin-5-yl)methyl]-4-methyl-1,3-thiazol-3-ium-5-yl]ethyl dihydrogen phosphate",Cc1ncc(C[n+]2csc(CCOP(=O)(O)O)c2C)c(N)n1,Cc1ncc(C[n+]2csc(CCOP(=O)(O)O)c2C)c(N)n1,HZSAJDVWZRBGIF-UHFFFAOYSA-O,2.850719181
TOX-30503,215187,1-butoxy-3-morpholin-4-ylpropan-2-ol,CCCCOCC(O)CN1CCOCC1,CCCCOCC(O)CN1CCOCC1,KDNJAMXCFAXZLG-UHFFFAOYSA-N,2.859956459
TOX-22740,209622,"3-methyl-5-(4-methylphenyl)sulfonyl-1,2,4-thiadiazole",Cc1ccc(S(=O)(=O)c2nc(C)ns2)cc1,Cc1ccc(S(=O)(=O)c2nc(C)ns2)cc1,WROYVBXJJPBMQQ-UHFFFAOYSA-N,2.87392892
TOX-9125,200185,4-(hydroxymethyl)-2-methyl-5-(sulfanylmethyl)pyridin-3-ol,Cc1ncc(CS)c(CO)c1O,Cc1ncc(CS)c(CO)c1O,JXYDRIBYAKJTIW-UHFFFAOYSA-N,2.887542286
TOX-8475,5244,"(10,13-dimethyl-17-oxo-1,2,3,4,7,8,9,11,12,14,15,16-dodecahydrocyclopenta[a]phenanthren-3-yl) hydrogen sulfate",CC12CCC3C(CC=C4CC(OS(=O)(=O)O)CCC43C)C1CCC2=O,CC12CCC3C(CC=C4CC(OS(=O)(=O)O)CCC43C)C1CCC2=O,CZWCKYRVOZZJNM-UHFFFAOYSA-N,2.896185746
TOX-71649,198798,"1-[4-(1,3-benzodioxol-5-ylmethyl)piperazin-1-yl]butan-1-one",CCCC(=O)N1CCN(Cc2ccc3c(c2)OCO3)CC1,CCCC(=O)N1CCN(Cc2ccc3c(c2)OCO3)CC1,CXCUNUZXCLEFLK-UHFFFAOYSA-N,2.90064841
TOX-2012,3693,3-[2-[(1-ethoxy-1-oxo-4-phenylbutan-2-yl)amino]propanoyl]-1-methyl-2-oxoimidazolidine-4-carboxylic acid,CCOC(=O)C(CCc1ccccc1)NC(C)C(=O)N1C(=O)N(C)CC1C(=O)O,CCOC(=O)C(CCc1ccccc1)NC(C)C(=O)N1C(=O)N(C)CC1C(=O)O,KLZWOWYOHUKJIG-UHFFFAOYSA-N,2.908968372
TOX-11795,5434,"[2-[(2,2-dichloroacetyl)amino]-3-hydroxy-3-(4-methylsulfonylphenyl)propyl] 2-aminoacetate",CS(=O)(=O)c1ccc(C(O)C(COC(=O)CN)NC(=O)C(Cl)Cl)cc1,CS(=O)(=O)c1ccc(C(O)C(COC(=O)CN)NC(=O)C(Cl)Cl)cc1,AMGKHLVPQHMHGQ-UHFFFAOYSA-N,2.923396419
TOX-7627,3442,5-butylpyridine-2-carboxylic acid,CCCCc1ccc(C(=O)O)nc1,CCCCc1ccc(C(=O)O)nc1,DGMPVYSXXIOGJY-UHFFFAOYSA-N,2.931164755
TOX-2016,27648,"3-(N-acetyl-3-amino-2,4,6-triiodoanilino)-2-methylpropanoic acid",CC(=O)N(CC(C)C(=O)O)c1c(I)cc(I)c(N)c1I,CC(=O)N(CC(C)C(=O)O)c1c(I)cc(I)c(N)c1I,GSVQIUGOUKJHRC-UHFFFAOYSA-N,2.94304133
TOX-74930,5536,"4-oxo-4-(2,4,5-triethoxyphenyl)butanoic acid",CCOc1cc(OCC)c(C(=O)CCC(=O)O)cc1OCC,CCOc1cc(OCC)c(C(=O)CCC(=O)O)cc1OCC,YPTFHLJNWSJXKG-UHFFFAOYSA-N,2.947778108
TOX-2914,4688,N-benzyl-N-methylprop-2-yn-1-amine,C#CCN(C)Cc1ccccc1,C#CCN(C)Cc1ccccc1,DPWPWRLQFGFJFI-UHFFFAOYSA-N,2.958992301
TOX-40835,2136,2-(2-amino-3-benzoylphenyl)acetic acid,Nc1c(CC(=O)O)cccc1C(=O)c1ccccc1,Nc1c(CC(=O)O)cccc1C(=O)c1ccccc1,SOYCMDCMZDHQFP-UHFFFAOYSA-N,2.964525113
TOX-4326,18793,"N,N-diethylpiperidine-3-carboxamide",CCN(CC)C(=O)c1cccnc1,CCN(CC)C(=O)c1cccnc1,ZXQKYQVJDRTTLZ-UHFFFAOYSA-N,2.969959623
TOX-2175,4857,"2,2-dimethylpropanoyloxymethyl 6-(azepan-1-ylmethylideneamino)-3,3-dimethyl-7-oxo-4-thia-1-azabicyclo[3.2.0]heptane-2-carboxylate",CC(C)(C)C(=O)OCOC(=O)C1N2C(=O)C(N=CN3CCCCCC3)C2SC1(C)C,CC(C)(C)C(=O)OCOC(=O)C1N2C(=O)C(N=CN3CCCCCC3)C2SC1(C)C,NPGNOVNWUSPMDP-UHFFFAOYSA-N,2.975582996
TOX-2181,4889,"3,5-dihydroxy-7-[6-hydroxy-2-methyl-8-(2-methylbutanoyloxy)-1,2,6,7,8,8a-hexahydronaphthalen-1-yl]heptanoic acid",CCC(C)C(=O)OC1CC(O)C=C2C=CC(C)C(CCC(O)CC(O)CC(=O)O)C21,CCC(C)C(=O)OC1CC(O)C=C2C=CC(C)C(CCC(O)CC(O)CC(=O)O)C21,TUZYXOIXSAXUGO-UHFFFAOYSA-N,2.984459801
TOX-31845,216851,"2-[[3-(2-chloroethyl)-6-methyl-2-oxo-1,3,2lambda5-oxazaphosphinan-2-yl]amino]ethyl methanesulfonate",CC1CCN(CCCl)P(=O)(NCCOS(C)(=O)=O)O1,CC1CCN(CCCl)P(=O)(NCCOS(C)(=O)=O)O1,MLYQQPRMCHCDNL-UHFFFAOYSA-N,2.998396876
TOX-7509,10624,[3-[2-(dimethylamino)ethyl]-1H-indol-4-yl] dihydrogen phosphate,CN(C)CCc1c[nH]c2cccc(OP(=O)(O)O)c12,CN(C)CCc1c[nH]c2cccc(OP(=O)(O)O)c12,QVDSEJDULKLHCG-UHFFFAOYSA-N,3.006545498
TOX-43840,115832,"1,6-dimethyl-4-oxo-7,8-dihydro-6H-pyrido[1,2-a]pyrimidine-3-carboxamide",CC1CCC=C2N(C)C=C(C(N)=O)C(=O)N21,CC1CCC=C2N(C)C=C(C(N)=O)C(=O)N21,OVTCEDCBXAYKQZ-UHFFFAOYSA-N,3.018567047
TOX-45500,3033404,"5-butan-2-yl-5-(ethylsulfanylmethyl)-2-sulfanylidene-1,3-diazinane-4,6-dione",CCSCC1(C(C)CC)C(=O)NC(=S)NC1=O,CCSCC1(C(C)CC)C(=O)NC(=S)NC1=O,LOVRFLJREPVWEZ-UHFFFAOYSA-N,3.023428168
TOX-9081,13346,2-ethylsulfanylethoxy-dimethoxy-sulfanylidene-lambda5-phosphane,CCSCCOP(=S)(OC)OC,CCSCCOP(=S)(OC)OC,ZVZQKNVMDKSGGF-UHFFFAOYSA-N,3.027823214
TOX-6680,9458,2-acetyloxy-4-(trifluoromethyl)benzoic acid,CC(=O)Oc1cc(C(F)(F)F)ccc1C(=O)O,CC(=O)Oc1cc(C(F)(F)F)ccc1C(=O)O,RMWVZGDJPAKBDE-UHFFFAOYSA-N,3.036789933
TOX-68291,6918053,,CCOC(=O)c1ccc(NC(=O)CC)cc1NC(=O)c1ccc(C(=O)O)cc1,CCOC(=O)c1ccc(NC(=O)CC)cc1NC(=O)c1ccc(C(=O)O)cc1,BUBVVEAEAWHBBD-UHFFFAOYSA-N,3.046950726
TOX-72637,48542,"5-ethyl-5-prop-2-enyl-1,3-diazinane-2,4,6-trione",C=CCC1(CC)C(=O)NC(=O)NC1=O,C=CCC1(CC)C(=O)NC(=O)NC1=O,QPADNTZLUBYNEN-UHFFFAOYSA-N,3.049674235
TOX-79883,3078054,1-(diethylamino)-3-[(2-methylpropan-2-yl)oxy]propan-2-ol,CCN(CC)CC(O)COC(C)(C)C,CCN(CC)CC(O)COC(C)(C)C,GLDGBVXTRSSESY-UHFFFAOYSA-N,3.052920412
TOX-4305,5954,benzo[a]anthracene,c1ccc2cc3c(ccc4ccccc43)cc2c1,c1ccc2cc3c(ccc4ccccc43)cc2c1,DXBHBZVCASKNBY-UHFFFAOYSA-N,3.057464502
TOX-28633,35383,"4-(N-(4-chlorobenzoyl)-2,6-dimethylanilino)butanoic acid",Cc1cccc(C)c1N(CCCC(=O)O)C(=O)c1ccc(Cl)cc1,Cc1cccc(C)c1N(CCCC(=O)O)C(=O)c1ccc(Cl)cc1,QRPNRXDOWMDNDM-UHFFFAOYSA-N,3.061736387
TOX-4147,60907,"(2,15,17,27,29-pentahydroxy-11-methoxy-3,7,12,14,16,18,22-heptamethyl-6,23-dioxo-8,30-dioxa-24-azatetracyclo[23.3.1.14,7.05,28]triaconta-1(29),2,4,9,19,21,25,27-octaen-13-yl) acetate",COC1C=COC2(C)Oc3c(C)c(O)c4c(O)c(cc(O)c4c3C2=O)NC(=O)C(C)=CC=CC(C)C(O)C(C)C(O)C(C)C(OC(C)=O)C1C,COC1C=COC2(C)Oc3c(C)c(O)c4c(O)c(cc(O)c4c3C2=O)NC(=O)C(C)=CC=CC(C)C(O)C(C)C(O)C(C)C(OC(C)=O)C1C,HJYYPODYNSCCOU-UHFFFAOYSA-N,3.069200307
TOX-79398,206639,6-dimethylsulfoniohexyl(dimethyl)sulfanium,C[S+](C)CCCCCC[S+](C)C,C[S+](C)CCCCCC[S+](C)C,FWKMISGRFTVIPA-UHFFFAOYSA-N,3.075934682
TOX-2975,14190,5-[[[5-hydroxy-4-(hydroxymethyl)-6-methylpyridin-3-yl]methyldisulfanyl]methyl]-4-(hydroxymethyl)-2-methylpyridin-3-ol,Cc1ncc(CSSCc2cnc(C)c(O)c2CO)c(CO)c1O,Cc1ncc(CSSCc2cnc(C)c(O)c2CO)c(CO)c1O,SIXLXDIJGIWWFU-UHFFFAOYSA-N,3.089292666
TOX-1704,22311,1-methyl-4-prop-1-en-2-ylcyclohexene,C=C(C)C1CC=C(C)CC1,C=C(C)C1CC=C(C)CC1,XMGQYMWWDOXHJM-UHFFFAOYSA-N,3.092905574
TOX-7894,11350,"3-(4-hydroxy-3,5-diiodophenyl)-2-phenylpropanoic acid",O=C(O)C(Cc1cc(I)c(O)c(I)c1)c1ccccc1,O=C(O)C(Cc1cc(I)c(O)c(I)c1)c1ccccc1,IKYIXZSIKOYSLD-UHFFFAOYSA-N,3.102720361
TOX-11821,7956,"1,3,5-triazinane-2,4,6-trione",O=c1[nH]c(=O)[nH]c(=O)[nH]1,O=c1[nH]c(=O)[nH]c(=O)[nH]1,ZFSLODLOARCGLH-UHFFFAOYSA-N,3.110842134
TOX-53260,78300548,2-acetamido-N-[1-amino-3-(1H-indol-3-yl)-1-oxopropan-2-yl]-3-phenylpropanamide,CC(=O)NC(Cc1ccccc1)C(=O)NC(Cc1c[nH]c2ccccc12)C(N)=O,CC(=O)NC(Cc1ccccc1)C(=O)NC(Cc1c[nH]c2ccccc12)C(N)=O,ZUAQAAOEMAMQHF-UHFFFAOYSA-N,3.116673038
TOX-3894,3052,"N,N-diethyl-4-methylpiperazine-1-carboxamide",CCN(CC)C(=O)N1CCN(C)CC1,CCN(CC)C(=O)N1CCN(C)CC1,RCKMWOKWVGPNJF-UHFFFAOYSA-N,3.123411681
TOX-2831,4076,"2-(3,4,5-trimethoxyphenyl)ethanamine",COc1cc(CCN)cc(OC)c1OC,COc1cc(CCN)cc(OC)c1OC,RHCSKNNOAZULRK-UHFFFAOYSA-N,3.128919679
TOX-42913,115595,"1,4-dimethyl-3-propyl-7,9-diazaspiro[4.5]decane-6,8,10-trione",CCCC1CC(C)C2(C(=O)NC(=O)NC2=O)C1C,CCCC1CC(C)C2(C(=O)NC(=O)NC2=O)C1C,SEVRXJKVQYNOAI-UHFFFAOYSA-N,3.13476962
TOX-12343,53461807,"[2-[(2,2-dichloroacetyl)amino]-3-hydroxy-3-(4-nitrophenyl)propyl] 2-aminoacetate",NCC(=O)OCC(NC(=O)C(Cl)Cl)C(O)c1ccc([N+](=O)[O-])cc1,NCC(=O)OCC(NC(=O)C(Cl)Cl)C(O)c1ccc([N+](=O)[O-])cc1,OQIFRQVYHYGHRI-UHFFFAOYSA-N,3.140661142
TOX-3992,2039,2-aminoethyl carbamimidothioate,N=C(N)SCCN,N=C(N)SCCN,NWPCXGGYSQHQGM-UHFFFAOYSA-N,3.146831825
TOX-67629,4593,,Cc1[nH]c(=O)c(C#N)cc1-c1ccc2nccn2c1,Cc1[nH]c(=O)c(C#N)cc1-c1ccc2nccn2c1,JPAWFIIYTJQOKW-UHFFFAOYSA-N,3.152880508
TOX-3053,5362,"4-[(4-butyl-3,5-dioxo-1,2-diphenylpyrazolidin-4-yl)methoxy]-4-oxobutanoic acid",CCCCC1(COC(=O)CCC(=O)O)C(=O)N(c2ccccc2)N(c2ccccc2)C1=O,CCCCC1(COC(=O)CCC(=O)O)C(=O)N(c2ccccc2)N(c2ccccc2)C1=O,ONWXNHPOAGOMTG-UHFFFAOYSA-N,3.15764995
TOX-30116,214809,4-[2-hydroxy-3-(propan-2-ylamino)propoxy]benzamide,CC(C)NCC(O)COc1ccc(C(N)=O)cc1,CC(C)NCC(O)COc1ccc(C(N)=O)cc1,GKCXZIYBNFXMHE-UHFFFAOYSA-N,3.166412902
TOX-75240,65705,"2-[2-[3-[acetyl(ethyl)amino]-2,4,6-triiodophenoxy]ethoxy]propanoic acid",CCN(C(C)=O)c1c(I)cc(I)c(OCCOC(C)C(=O)O)c1I,CCN(C(C)=O)c1c(I)cc(I)c(OCCOC(C)C(=O)O)c1I,HCPRJARHRUCLBG-UHFFFAOYSA-N,3.170018509
TOX-72860,18528,3-(azepan-1-yl)-N'-hydroxypropanimidamide,N=C(CCN1CCCCCC1)NO,N=C(CCN1CCCCCC1)NO,PLQJGQLVUVQCGP-UHFFFAOYSA-N,3.177902334
TOX-11631,6399216,[[1-(carbamothioylhydrazinylidene)-3-ethoxybutan-2-ylidene]amino]thiourea,CCOC(C)C(C=NNC(N)=S)=NNC(N)=S,CCOC(C)C(C=NNC(N)=S)=NNC(N)=S,ARIFZLJIERKKEL-UHFFFAOYSA-N,3.181452509
TOX-45201,48727,"5-ethyl-5-(1-ethylsulfanylethyl)-1,3-diazinane-2,4,6-trione",CCSC(C)C1(CC)C(=O)NC(=O)NC1=O,CCSC(C)C1(CC)C(=O)NC(=O)NC1=O,JZJHHNLYMWYZAT-UHFFFAOYSA-N,3.183831927
TOX-25999,32610,"N-[2-(diethylamino)ethyl]-2-(3,4,5-trimethoxyphenoxy)acetamide",CCN(CC)CCNC(=O)COc1cc(OC)c(OC)c(OC)c1,CCN(CC)CCNC(=O)COc1cc(OC)c(OC)c(OC)c1,JVRZUSXRCWFRBH-UHFFFAOYSA-N,3.189592387
TOX-15424,5385077,"2-[[4-[(2,4-diamino-7-oxo-8H-pteridin-6-yl)methyl-methylamino]benzoyl]amino]pentanedioic acid",CN(Cc1nc2c(N)nc(N)nc2[nH]c1=O)c1ccc(C(=O)NC(CCC(=O)O)C(=O)O)cc1,CN(Cc1nc2c(N)nc(N)nc2[nH]c1=O)c1ccc(C(=O)NC(CCC(=O)O)C(=O)O)cc1,HODZDDDNGRLGSI-UHFFFAOYSA-N,3.195388526
TOX-24748,2199,[4-hydroxy-2-[(4-methoxyphenyl)methyl]pyrrolidin-3-yl] acetate,COc1ccc(CC2NCC(O)C2OC(C)=O)cc1,COc1ccc(CC2NCC(O)C2OC(C)=O)cc1,YKJYKKNCCRKFSL-UHFFFAOYSA-N,3.201035512
TOX-20282,27813,ethyl 2H-quinoline-1-carboxylate,CCOC(=O)N1CC=Cc2ccccc21,CCOC(=O)N1CC=Cc2ccccc21,GZVVNAWGGPWOOK-UHFFFAOYSA-N,3.21110131
TOX-28197,122527,"ethyl 6-methyl-4-oxo-1,6,7,8,9,9a-hexahydropyrido[1,2-a]pyrimidine-3-carboxylate",CCOC(=O)C1=CNC2CCCC(C)N2C1=O,CCOC(=O)C1=CNC2CCCC(C)N2C1=O,LRNCBUQKZLZXAV-UHFFFAOYSA-N,3.221764312
TOX-17842,83030,3-[[2-carboxyethyl(oxo)germyl]oxy-oxogermyl]propanoic acid,O=C(O)CC[Ge](=O)O[Ge](=O)CCC(=O)O,O=C(O)CC[Ge](=O)O[Ge](=O)CCC(=O)O,XEABSBMNTNXEJM-UHFFFAOYSA-N,3.229629376
TOX-42905,115579,"4-ethyl-1,2-dimethyl-7,9-diazaspiro[4.5]decane-6,8,10-trione",CCC1CC(C)C(C)C12C(=O)NC(=O)NC2=O,CCC1CC(C)C(C)C12C(=O)NC(=O)NC2=O,MOTWEXZYURNBBV-UHFFFAOYSA-N,3.234085549
TOX-36351,40983,1-(4-aminophenyl)-2-(butan-2-ylamino)ethanol,CCC(C)NCC(O)c1ccc(N)cc1,CCC(C)NCC(O)c1ccc(N)cc1,UWYLQWLJGMLJQF-UHFFFAOYSA-N,3.239518449
TOX-2930,4763,"5-ethyl-5-phenyl-1,3-diazinane-2,4,6-trione",CCC1(c2ccccc2)C(=O)NC(=O)NC1=O,CCC1(c2ccccc2)C(=O)NC(=O)NC1=O,DDBREPKUVSBGFI-UHFFFAOYSA-N,3.246322964
TOX-53561,131733,"2-[[3-[[2-[ethyl(2-hydroxyethyl)amino]acetyl]amino]-2,4,6-triiodophenyl]methyl]butanoic acid",CCC(Cc1c(I)cc(I)c(NC(=O)CN(CC)CCO)c1I)C(=O)O,CCC(Cc1c(I)cc(I)c(NC(=O)CN(CC)CCO)c1I)C(=O)O,DWBKQIMYWZACBK-UHFFFAOYSA-N,3.254091128
TOX-4454,6261,1-methyl-2-nitro-1-nitrosoguanidine,CN(N=O)C(N)=N[N+](=O)[O-],CN(N=O)C(N)=N[N+](=O)[O-],VZUNGTLZRAYYDE-UHFFFAOYSA-N,3.264504971
TOX-25538,212296,"N-[(2,4-dimethoxyphenyl)methyl]-4-phenyl-1,3-thiazol-2-amine",COc1ccc(CNc2nc(-c3ccccc3)cs2)c(OC)c1,COc1ccc(CNc2nc(-c3ccccc3)cs2)c(OC)c1,OXDCREYBRHOVGG-UHFFFAOYSA-N,3.270740042
TOX-1837,298,"2,2-dichloro-N-[1,3-dihydroxy-1-(4-nitrophenyl)propan-2-yl]acetamide",O=C(NC(CO)C(O)c1ccc([N+](=O)[O-])cc1)C(Cl)Cl,O=C(NC(CO)C(O)c1ccc([N+](=O)[O-])cc1)C(Cl)Cl,WIIZWVCIJKGZOK-UHFFFAOYSA-N,3.276383858
TOX-79489,125695,"4-[(4,5-dihydro-1H-imidazol-2-ylhydrazinylidene)methyl]-3-methylphenol",Cc1cc(O)ccc1C=NNC1=NCCN1,Cc1cc(O)ccc1C=NNC1=NCCN1,DBFDJRMPJGXVPU-UHFFFAOYSA-N,3.2820693
TOX-30829,215459,"ethyl 1-ethyl-6-methyl-4-oxo-6,7,8,9-tetrahydropyrido[1,2-a]pyrimidin-1-ium-3-carboxylate",CCOC(=O)c1c[n+](CC)c2n(c1=O)C(C)CCC2,CCOC(=O)c1c[n+](CC)c2n(c1=O)C(C)CCC2,XERKRRZOBJYDNG-UHFFFAOYSA-N,3.293457499
TOX-75174,206314,N-[(4-amino-2-methylpyrimidin-5-yl)methyl]-N-[3-[[2-[(4-amino-2-methylpyrimidin-5-yl)methyl-formylamino]-5-methylsulfinylpent-2-en-3-yl]disulfanyl]-5-methylsulfinylpent-2-en-2-yl]formamide,CC(=C(CCS(C)=O)SSC(CCS(C)=O)=C(C)N(C=O)Cc1cnc(C)nc1N)N(C=O)Cc1cnc(C)nc1N,CC(=C(CCS(C)=O)SSC(CCS(C)=O)=C(C)N(C=O)Cc1cnc(C)nc1N)N(C=O)Cc1cnc(C)nc1N,JKHIQYSPUGLNPH-UHFFFAOYSA-N,3.297667682
TOX-73201,24498,"2-(diethylamino)ethyl 3,3-dimethyl-7-oxo-6-[(2-phenylacetyl)amino]-4-thia-1-azabicyclo[3.2.0]heptane-2-carboxylate",CCN(CC)CCOC(=O)C1N2C(=O)C(NC(=O)Cc3ccccc3)C2SC1(C)C,CCN(CC)CCOC(=O)C1N2C(=O)C(NC(=O)Cc3ccccc3)C2SC1(C)C,AFKRZUUZFWTBCC-UHFFFAOYSA-N,3.300603497
TOX-41039,13714437,N-[1-(2-carbamoylpyrrolidin-1-yl)-3-(1H-imidazol-5-yl)-1-oxopropan-2-yl]-6-methyl-5-oxothiomorpholine-3-carboxamide,CC1SCC(C(=O)NC(Cc2cnc[nH]2)C(=O)N2CCCC2C(N)=O)NC1=O,CC1SCC(C(=O)NC(Cc2cnc[nH]2)C(=O)N2CCCC2C(N)=O)NC1=O,RSHMQGIMHQPMEB-UHFFFAOYSA-N,3.310145055
TOX-1965,28871,"2-[4-(4-chlorophenyl)-2-phenyl-1,3-thiazol-5-yl]acetic acid",O=C(O)Cc1sc(-c2ccccc2)nc1-c1ccc(Cl)cc1,O=C(O)Cc1sc(-c2ccccc2)nc1-c1ccc(Cl)cc1,JIEKMACRVQTPRC-UHFFFAOYSA-N,3.314141203
TOX-3962,4913,4-amino-N-[2-(diethylamino)ethyl]benzamide,CCN(CC)CCNC(=O)c1ccc(N)cc1,CCN(CC)CCNC(=O)c1ccc(N)cc1,REQCZEXYDRLIBE-UHFFFAOYSA-N,3.320535835
TOX-25918,5829893,2-(4-methylpiperazin-1-yl)-N-[(Z)-(5-nitrofuran-2-yl)methylideneamino]acetamide,CN1CCN(CC(=O)N/N=C/c2ccc([N+](=O)[O-])o2)CC1,CN1CCN(CC(=O)N/N=C/c2ccc([N+](=O)[O-])o2)CC1,FHHFNHFFCVLLHX-JYRVWZFOSA-N,3.324133941
TOX-14352,3344,"8-(2-phenylethyl)-1-oxa-3,8-diazaspiro[4.5]decan-2-one",O=C1NCC2(CCN(CCc3ccccc3)CC2)O1,O=C1NCC2(CCN(CCc3ccccc3)CC2)O1,FVNFBBAOMBJTST-UHFFFAOYSA-N,3.329176065
TOX-2312,4044,"2-(2,3-dimethylanilino)benzoic acid",Cc1cccc(Nc2ccccc2C(=O)O)c1C,Cc1cccc(Nc2ccccc2C(=O)O)c1C,HYYBABOKPJLUIN-UHFFFAOYSA-N,3.333321301
TOX-5845,8251,N-[[1-[[4-(hydroxyiminomethyl)pyridin-1-ium-1-yl]methoxymethyl]pyridin-1-ium-4-yl]methylidene]hydroxylamine,ON=Cc1cc[n+](COC[n+]2ccc(C=NO)cc2)cc1,ON=Cc1cc[n+](COC[n+]2ccc(C=NO)cc2)cc1,HIGRLDNHDGYWQJ-UHFFFAOYSA-P,3.336003546
TOX-13471,77920995,"4-(dimethylamino)-5,10,11,12a-tetrahydroxy-6-methylidene-1,3,12-trioxo-4,4a,5,5a-tetrahydrotetracene-2-carboxamide",C=C1c2cccc(O)c2C(=O)C2=C(O)C3(O)C(=O)C(C(N)=O)C(=O)C(N(C)C)C3C(O)C12,C=C1c2cccc(O)c2C(=O)C2=C(O)C3(O)C(=O)C(C(N)=O)C(=O)C(N(C)C)C3C(O)C12,MAKUINLSDCHLMJ-UHFFFAOYSA-N,3.340487308
TOX-76540,3051028,2-(diethylamino)ethyl 2-cyclopent-2-en-1-ylpent-4-enoate,C=CCC(C(=O)OCCN(CC)CC)C1C=CCC1,C=CCC(C(=O)OCCN(CC)CC)C1C=CCC1,KHRUROXAFZFMAI-UHFFFAOYSA-N,3.344714763
TOX-68495,130400,N-[4-[2-hydroxy-3-[2-(4-imidazol-1-ylphenoxy)ethylamino]propoxy]phenyl]methanesulfonamide,CS(=O)(=O)Nc1ccc(OCC(O)CNCCOc2ccc(-n3ccnc3)cc2)cc1,CS(=O)(=O)Nc1ccc(OCC(O)CNCCOc2ccc(-n3ccnc3)cc2)cc1,QZWUQVSQIFFFKY-UHFFFAOYSA-N,3.348819674
TOX-17713,202539,2-butylsulfanylethylsulfanyl-diethoxy-sulfanylidene-lambda5-phosphane,CCCCSCCSP(=S)(OCC)OCC,CCCCSCCSP(=S)(OCC)OCC,DYADVMQMGLMUHY-UHFFFAOYSA-N,3.3535732
TOX-31849,216855,"2-[[3-(2-chloroethyl)-2-oxo-1,3,2lambda5-oxazaphosphinan-2-yl]amino]ethyl pentane-1-sulfonate",CCCCCS(=O)(=O)OCCNP1(=O)OCCCN1CCCl,CCCCCS(=O)(=O)OCCNP1(=O)OCCCN1CCCl,YUDPVYSCZFNMJQ-UHFFFAOYSA-N,3.358676508
TOX-45534,46514,"5-pent-2-en-3-yl-5-propan-2-yl-1,3-diazinane-2,4,6-trione",CC=C(CC)C1(C(C)C)C(=O)NC(=O)NC1=O,CC=C(CC)C1(C(C)C)C(=O)NC(=O)NC1=O,YHVWPLGZXKWTFF-UHFFFAOYSA-N,3.364263125
TOX-54554,3060768,"4-ethylpiperidine-2,6-dione",CCC1CC(=O)NC(=O)C1,CCC1CC(=O)NC(=O)C1,JOXZQJXTAKJQTF-UHFFFAOYSA-N,3.371591164
TOX-65248,3065990,"1-[4-(4-chlorophenyl)sulfonylphenyl]-6,6-dimethyl-1,3,5-triazine-2,4-diamine",CC1(C)N=C(N)N=C(N)N1c1ccc(S(=O)(=O)c2ccc(Cl)cc2)cc1,CC1(C)N=C(N)N=C(N)N1c1ccc(S(=O)(=O)c2ccc(Cl)cc2)cc1,FJQGDUAEFSYNRK-UHFFFAOYSA-N,3.375673588
TOX-22266,63216,1-(2-morpholin-4-ylacetyl)-3-phenyl-2H-quinazolin-4-one,O=C1c2ccccc2N(C(=O)CN2CCOCC2)CN1c1ccccc1,O=C1c2ccccc2N(C(=O)CN2CCOCC2)CN1c1ccccc1,VCRQLDNIOXNDMT-UHFFFAOYSA-N,3.381456317
TOX-77749,55918,"3-(4-imidazol-1-ylphenyl)-4,5-dihydro-1H-pyridazin-6-one",O=C1CCC(c2ccc(-n3ccnc3)cc2)=NN1,O=C1CCC(c2ccc(-n3ccnc3)cc2)=NN1,VXMYWVMXSWJFCV-UHFFFAOYSA-N,3.389466243
TOX-45119,3033357,"5-cyclopent-2-en-1-yl-5-prop-2-enyl-2-sulfanylidene-1,3-diazinane-4,6-dione",C=CCC1(C2C=CCC2)C(=O)NC(=S)NC1=O,C=CCC1(C2C=CCC2)C(=O)NC(=S)NC1=O,QCARJOPGJNPBPJ-UHFFFAOYSA-N,3.398500755
TOX-2664,3360,"2,3-dihydroxypropyl 2-[[8-(trifluoromethyl)quinolin-4-yl]amino]benzoate",O=C(OCC(O)CO)c1ccccc1Nc1ccnc2c(C(F)(F)F)cccc12,O=C(OCC(O)CO)c1ccccc1Nc1ccnc2c(C(F)(F)F)cccc12,APQPGQGAWABJLN-UHFFFAOYSA-N,3.404790969
TOX-47990,3053816,N-[[1-[(4-methylpyridin-1-ium-1-yl)methoxymethyl]pyridin-1-ium-4-yl]methylidene]hydroxylamine,Cc1cc[n+](COC[n+]2ccc(C=NO)cc2)cc1,Cc1cc[n+](COC[n+]2ccc(C=NO)cc2)cc1,CNRDRAZLZHWBOM-UHFFFAOYSA-O,3.41381759
TOX-46216,68819,2-[(2-hydroxy-2-phenylethyl)amino]-2-methylpropan-1-ol,CC(C)(CO)NCC(O)c1ccccc1,CC(C)(CO)NCC(O)c1ccccc1,PVOOBRUZWPQOER-UHFFFAOYSA-N,3.417656416
TOX-3509,5645,"4-(3,7-dihydroxy-10,13-dimethyl-2,3,4,5,6,7,8,9,11,12,14,15,16,17-tetradecahydro-1H-cyclopenta[a]phenanthren-17-yl)pentanoic acid",CC(CCC(=O)O)C1CCC2C3C(O)CC4CC(O)CCC4(C)C3CCC12C,CC(CCC(=O)O)C1CCC2C3C(O)CC4CC(O)CCC4(C)C3CCC12C,RUDATBOHQWOJDD-UHFFFAOYSA-N,3.421705651
TOX-68129,2264,,CN1C(=O)COc2c(C(=O)NC3CN4CCC3CC4)cc(Cl)cc21,CN1C(=O)COc2c(C(=O)NC3CN4CCC3CC4)cc(Cl)cc21,WUKZPHOXUVCQOR-UHFFFAOYSA-N,3.423268221
TOX-2574,2904,"6-chloro-3-(cyclopentylmethyl)-1,1-dioxo-3,4-dihydro-2H-1lambda6,2,4-benzothiadiazine-7-sulfonamide",NS(=O)(=O)c1cc2c(cc1Cl)NC(CC1CCCC1)NS2(=O)=O,NS(=O)(=O)c1cc2c(cc1Cl)NC(CC1CCCC1)NS2(=O)=O,BKYKPTRYDKTTJY-UHFFFAOYSA-N,3.42737066
TOX-19691,5531,"N,N-diethyl-5-methyl-[1,2,4]triazolo[1,5-a]pyrimidin-7-amine",CCN(CC)c1cc(C)nc2ncnn12,CCN(CC)c1cc(C)nc2ncnn12,GSNOZLZNQMLSKJ-UHFFFAOYSA-N,3.431501311
TOX-43614,47176,"5-(2-methylbut-2-enyl)-5-propan-2-yl-1,3-diazinane-2,4,6-trione",CC=C(C)CC1(C(C)C)C(=O)NC(=O)NC1=O,CC=C(C)CC1(C(C)C)C(=O)NC(=O)NC1=O,BLHUPCXTZQWYQJ-UHFFFAOYSA-N,3.432617677
TOX-11287,16473,6-chloro-2-cyclohexyl-3-oxo-1H-isoindole-5-sulfonamide,NS(=O)(=O)c1cc2c(cc1Cl)CN(C1CCCCC1)C2=O,NS(=O)(=O)c1cc2c(cc1Cl)CN(C1CCCCC1)C2=O,VPMWFZKOWULPGT-UHFFFAOYSA-N,3.4377783
TOX-45564,46520,"5-pent-2-en-2-yl-5-propan-2-yl-1,3-diazinane-2,4,6-trione",CCC=C(C)C1(C(C)C)C(=O)NC(=O)NC1=O,CCC=C(C)C1(C(C)C)C(=O)NC(=O)NC1=O,UAYUROFZTDZEDL-UHFFFAOYSA-N,3.442601898
TOX-47770,3053501,"N-[2-(1,3-benzodioxol-5-yl)ethyl]-N-methyl-2-phenylethanamine",CN(CCc1ccccc1)CCc1ccc2c(c1)OCO2,CN(CCc1ccccc1)CCc1ccc2c(c1)OCO2,ZDGQEQGZRYHJOE-UHFFFAOYSA-N,3.452355403
TOX-29802,214562,"methyl 6-methyl-4-oxopyrido[1,2-a]pyrimidine-3-carboxylate",COC(=O)c1cnc2cccc(C)n2c1=O,COC(=O)c1cnc2cccc(C)n2c1=O,GVYLIFDVULSIPS-UHFFFAOYSA-N,3.458065038
TOX-11829,17517,(2-propan-2-ylphenyl) N-methylcarbamate,CNC(=O)Oc1ccccc1C(C)C,CNC(=O)Oc1ccccc1C(C)C,QBSJMKIUCUGGNG-UHFFFAOYSA-N,3.466566578
TOX-73696,7255,3-chloro-4-methylaniline,Cc1ccc(N)cc1Cl,Cc1ccc(N)cc1Cl,RQKFYFNZSHWXAW-UHFFFAOYSA-N,3.469825083
TOX-42876,115520,"2-ethyl-1-methyl-4-propyl-7,9-diazaspiro[4.5]decane-6,8,10-trione",CCCC1CC(CC)C(C)C12C(=O)NC(=O)NC2=O,CCCC1CC(CC)C(C)C12C(=O)NC(=O)NC2=O,SMQSYKYZJSAFJW-UHFFFAOYSA-N,3.476048019
TOX-4123,2249,2-[4-[2-hydroxy-3-(propan-2-ylamino)propoxy]phenyl]acetamide,CC(C)NCC(O)COc1ccc(CC(N)=O)cc1,CC(C)NCC(O)COc1ccc(CC(N)=O)cc1,METKIMKYRPQLGS-UHFFFAOYSA-N,3.479359656
TOX-4526,6394,tetramethylplumbane,C[Pb](C)(C)C,C[Pb](C)(C)C,XOOGZRUBTYCLHG-UHFFFAOYSA-N,3.482581272
TOX-30403,36976,[5-[2-(tert-butylamino)-1-hydroxyethyl]-2-hydroxyphenyl]urea,CC(C)(C)NCC(O)c1ccc(O)c(NC(N)=O)c1,CC(C)(C)NCC(O)c1ccc(O)c(NC(N)=O)c1,KEMXXQOFIRIICG-UHFFFAOYSA-N,3.487526821
TOX-38418,42377,N-[3-[4-[2-hydroxy-3-(propan-2-ylamino)propoxy]phenyl]propyl]acetamide,CC(=O)NCCCc1ccc(OCC(O)CNC(C)C)cc1,CC(=O)NCCCc1ccc(OCC(O)CNC(C)C)cc1,LGDPMZTXBPFBSG-UHFFFAOYSA-N,3.493510154
TOX-31850,65805,"2-[[3-(2-chloroethyl)-2-oxo-1,3,2lambda5-oxazaphosphinan-2-yl]amino]ethyl methanesulfonate",CS(=O)(=O)OCCNP1(=O)OCCCN1CCCl,CS(=O)(=O)OCCNP1(=O)OCCCN1CCCl,ZSZKJARKHWCBJK-UHFFFAOYSA-N,3.497546183
TOX-31091,5374,"6-prop-2-enyl-4,5,7,8-tetrahydro-[1,3]thiazolo[4,5-d]azepin-2-amine",C=CCN1CCc2nc(N)sc2CC1,C=CCN1CCc2nc(N)sc2CC1,DHSSDEDRBUKTQY-UHFFFAOYSA-N,3.501262641
TOX-65532,3066397,"N,N-diethyl-3-[4-(2-phenylethenyl)phenoxy]propan-1-amine",CCN(CC)CCCOc1ccc(C=Cc2ccccc2)cc1,CCN(CC)CCCOc1ccc(C=Cc2ccccc2)cc1,GKSJAJYQFPMNDL-UHFFFAOYSA-N,3.503822963
TOX-4310,5969,N-[[1-[3-[4-(hydroxyiminomethyl)pyridin-1-ium-1-yl]propyl]pyridin-1-ium-4-yl]methylidene]hydroxylamine,ON=Cc1cc[n+](CCC[n+]2ccc(C=NO)cc2)cc1,ON=Cc1cc[n+](CCC[n+]2ccc(C=NO)cc2)cc1,LJYGXPCCGGSATE-UHFFFAOYSA-P,3.50748443
TOX-7392,10439,pyridin-2-amine,Nc1ccccn1,Nc1ccccn1,ICSNLGPSRYBMBD-UHFFFAOYSA-N,3.511270078
TOX-37729,162797,"7-(5-hydroxyhexyl)-3-methyl-1-propylpurine-2,6-dione",CCCn1c(=O)c2c(ncn2CCCCC(C)O)n(C)c1=O,CCCn1c(=O)c2c(ncn2CCCCC(C)O)n(C)c1=O,IRZCBLPIFWYWRG-UHFFFAOYSA-N,3.515961167
TOX-1905,160,"7-[3,5-dihydroxy-2-(3-hydroxyoct-1-enyl)cyclopentyl]hept-5-enoic acid",CCCCCC(O)C=CC1C(O)CC(O)C1CC=CCCCC(=O)O,CCCCCC(O)C=CC1C(O)CC(O)C1CC=CCCCC(=O)O,PXGPLTODNUVGFL-UHFFFAOYSA-N,3.524294448
TOX-42909,115587,"1,4-dimethyl-3-propan-2-yl-7,9-diazaspiro[4.5]decane-6,8,10-trione",CC(C)C1CC(C)C2(C(=O)NC(=O)NC2=O)C1C,CC(C)C1CC(C)C2(C(=O)NC(=O)NC2=O)C1C,RBVQAYDICLPGOD-UHFFFAOYSA-N,3.526880085
TOX-38421,42380,N-cyclohexyl-4-[2-hydroxy-3-(propan-2-ylamino)propoxy]benzamide,CC(C)NCC(O)COc1ccc(C(=O)NC2CCCCC2)cc1,CC(C)NCC(O)COc1ccc(C(=O)NC2CCCCC2)cc1,UBABTQSJQBOKDV-UHFFFAOYSA-N,3.53311811
TOX-44347,47538,"N,N-dimethyl-2-(2-methyl-1,3-benzodioxol-2-yl)ethanamine",CN(C)CCC1(C)Oc2ccccc2O1,CN(C)CCC1(C)Oc2ccccc2O1,NYDXTNVORDUOGX-UHFFFAOYSA-N,3.538391483
TOX-63494,53965151,"N,N-dimethyl-1-[5-[2-[[1-(4-methylpiperazin-1-yl)-2-nitroethylidene]amino]ethylsulfanylmethyl]furan-2-yl]methanamine",CN(C)Cc1ccc(CSCCN=C(C[N+](=O)[O-])N2CCN(C)CC2)o1,CN(C)Cc1ccc(CSCCN=C(C[N+](=O)[O-])N2CCN(C)CC2)o1,JNSAIJNTDDCKBT-UHFFFAOYSA-N,3.542393067
TOX-44657,9883333,N-[2-[[5-[(dimethylamino)methyl]furan-2-yl]methylsulfanyl]ethyl]-N'-methyl-2-nitroethanimidamide,CN=C(C[N+](=O)[O-])NCCSCc1ccc(CN(C)C)o1,CN=C(C[N+](=O)[O-])NCCSCc1ccc(CN(C)C)o1,SYNOVMDJYWJCON-UHFFFAOYSA-N,3.548546795
TOX-54564,3060779,2-(dimethylamino)ethyl 4-amino-2-hydroxybenzoate,CN(C)CCOC(=O)c1ccc(N)cc1O,CN(C)CCOC(=O)c1ccc(N)cc1O,BVSFSNFSSNBBRH-UHFFFAOYSA-N,3.551411268
TOX-65533,3066398,"N,N-diethyl-2-[4-(2-phenylethenyl)phenoxy]propan-1-amine",CCN(CC)CC(C)Oc1ccc(C=Cc2ccccc2)cc1,CCN(CC)CC(C)Oc1ccc(C=Cc2ccccc2)cc1,DMJWYNFGRYMAGE-UHFFFAOYSA-N,3.556096246
TOX-41224,4916,8-hydroxy-5-[1-hydroxy-2-(propan-2-ylamino)butyl]-1H-quinolin-2-one,CCC(NC(C)C)C(O)c1ccc(O)c2[nH]c(=O)ccc12,CCC(NC(C)C)C(O)c1ccc(O)c2[nH]c(=O)ccc12,FKNXQNWAXFXVNW-UHFFFAOYSA-N,3.559851288
TOX-42912,3035103,"1,2-dimethyl-4-propyl-8-sulfanylidene-7,9-diazaspiro[4.5]decane-6,10-dione",CCCC1CC(C)C(C)C12C(=O)NC(=S)NC2=O,CCCC1CC(C)C(C)C12C(=O)NC(=S)NC2=O,BBOIAQZDQXYSKF-UHFFFAOYSA-N,3.565430525
TOX-49396,175081,8-methoxy-5-[[methyl(prop-2-ynyl)amino]methyl]-3-phenylchromen-2-one,C#CCN(C)Cc1ccc(OC)c2oc(=O)c(-c3ccccc3)cc12,C#CCN(C)Cc1ccc(OC)c2oc(=O)c(-c3ccccc3)cc12,DAOPKAGAUIPYPR-UHFFFAOYSA-N,3.568706152
TOX-6627,9370,"2,6-diiodo-4-nitrophenol",O=[N+]([O-])c1cc(I)c(O)c(I)c1,O=[N+]([O-])c1cc(I)c(O)c(I)c1,UVGTXNPVQOQFQW-UHFFFAOYSA-N,3.570878593
TOX-13832,20254,1-phenylpent-4-en-2-amine,C=CCC(N)Cc1ccccc1,C=CCC(N)Cc1ccccc1,WQKXQJYCZMWOSD-UHFFFAOYSA-N,3.574025881
TOX-11705,1233,"2-amino-2-(3-oxo-1,2-oxazol-5-yl)acetic acid",NC(C(=O)O)c1cc(=O)[nH]o1,NC(C(=O)O)c1cc(=O)[nH]o1,IRJCBFDCFXCWGO-UHFFFAOYSA-N,3.575718289
TOX-3302,2157,"(2-butyl-1-benzofuran-3-yl)-[4-[2-(diethylamino)ethoxy]-3,5-diiodophenyl]methanone",CCCCc1oc2ccccc2c1C(=O)c1cc(I)c(OCCN(CC)CC)c(I)c1,CCCCc1oc2ccccc2c1C(=O)c1cc(I)c(OCCN(CC)CC)c(I)c1,IYIKLHRQXLHMJQ-UHFFFAOYSA-N,3.579325531
TOX-76543,3051034,2-(diethylamino)ethyl 2-cyclohexyl-2-cyclopent-2-en-1-ylacetate,CCN(CC)CCOC(=O)C(C1C=CCC1)C1CCCCC1,CCN(CC)CCOC(=O)C(C1C=CCC1)C1CCCCC1,UWTHHISRHNGXLO-UHFFFAOYSA-N,3.584724061
TOX-15722,110819,"N-(1,2-diphenylethyl)-2-methylpropan-1-amine",CC(C)CNC(Cc1ccccc1)c1ccccc1,CC(C)CNC(Cc1ccccc1)c1ccccc1,MDCAXCVWFHKLAO-UHFFFAOYSA-N,3.590874401
TOX-66827,14137503,,COc1cccc2c1C(=O)c1c(O)c3c(c(O)c1C2=O)CC(O)(C(=O)COC(=O)CCCCCC(=O)O)CC3OC1OC(C)C(O)C(O)C1F,COc1cccc2c1C(=O)c1c(O)c3c(c(O)c1C2=O)CC(O)(C(=O)COC(=O)CCCCCC(=O)O)CC3OC1OC(C)C(O)C(O)C1F,PQMIPLRIRFVQJZ-UHFFFAOYSA-N,3.595122274
TOX-6171,132466112,"7-chloro-4-(dimethylamino)-6,10,11,12a-tetrahydroxy-1,3,12-trioxo-4a,5,5a,6-tetrahydro-4H-tetracene-2-carboxamide",CN(C)C1C(=O)C(C(N)=O)C(=O)C2(O)C(O)=C3C(=O)c4c(O)ccc(Cl)c4C(O)C3CC12,CN(C)C1C(=O)C(C(N)=O)C(=O)C2(O)C(O)=C3C(=O)c4c(O)ccc(Cl)c4C(O)C3CC12,YMGPFLUAOJHKJO-UHFFFAOYSA-N,3.598579955
TOX-12482,92908,"2-[1,2-dicarboxy-2-[(4,5-dicarboxy-1,3,2-dithiastibolan-2-yl)sulfanyl]ethyl]sulfanyl-1,3,2-dithiastibolane-4,5-dicarboxylic acid",O=C(O)C1S[Sb](SC(C(=O)O)C(S[Sb]2SC(C(=O)O)C(C(=O)O)S2)C(=O)O)SC1C(=O)O,O=C(O)C1S[Sb](SC(C(=O)O)C(S[Sb]2SC(C(=O)O)C(C(=O)O)S2)C(=O)O)SC1C(=O)O,WRIDGMJGKDWAJY-UHFFFAOYSA-H,3.604357889
TOX-76535,3051018,2-(diethylamino)ethyl 2-cyclohex-2-en-1-yl-2-cyclopent-2-en-1-ylacetate,CCN(CC)CCOC(=O)C(C1C=CCC1)C1C=CCCC1,CCN(CC)CCOC(=O)C(C1C=CCC1)C1C=CCCC1,OKKBGECYYQMZIA-UHFFFAOYSA-N,3.609895928
TOX-42886,3035081,"1-methyl-4-propyl-8-sulfanylidene-7,9-diazaspiro[4.5]decane-6,10-dione",CCCC1CCC(C)C12C(=O)NC(=S)NC2=O,CCCC1CCC(C)C12C(=O)NC(=S)NC2=O,HGQUORCGSDSIED-UHFFFAOYSA-N,3.61304859
TOX-1943,59768,methyl 3-[4-[2-hydroxy-3-(propan-2-ylamino)propoxy]phenyl]propanoate,COC(=O)CCc1ccc(OCC(O)CNC(C)C)cc1,COC(=O)CCc1ccc(OCC(O)CNC(C)C)cc1,AQNDDEOPVVGCPG-UHFFFAOYSA-N,3.619121267
TOX-1581,521227,"4-ethylidene-7-hydroxy-7-methyl-6-methylidene-2,9-dioxa-14-azatricyclo[9.5.1.014,17]heptadec-11-ene-3,8-dione",C=C1CC(=CC)C(=O)OC2CCN3CC=C(COC(=O)C1(C)O)C23,C=C1CC(=CC)C(=O)OC2CCN3CC=C(COC(=O)C1(C)O)C23,FCEVNJIUIMLVML-UHFFFAOYSA-N,3.619854766
TOX-51852,4823,"3-[2-(4-methoxyphenyl)-3H-benzimidazol-5-yl]-4-methyl-4,5-dihydro-1H-pyridazin-6-one",COc1ccc(-c2nc3ccc(C4=NNC(=O)CC4C)cc3[nH]2)cc1,COc1ccc(-c2nc3ccc(C4=NNC(=O)CC4C)cc3[nH]2)cc1,GLBJJMFZWDBELO-UHFFFAOYSA-N,3.622375239
TOX-40093,3045415,"N,N-diethyl-2-[4-(2-phenylethyl)phenoxy]ethanamine",CCN(CC)CCOc1ccc(CCc2ccccc2)cc1,CCN(CC)CCOc1ccc(CCc2ccccc2)cc1,OQFXENPMZLJFSJ-UHFFFAOYSA-N,3.628304253
TOX-16538,201871,methyl 3-[1-(4-methylphenyl)ethyl]imidazole-4-carboxylate,COC(=O)c1cncn1C(C)c1ccc(C)cc1,COC(=O)c1cncn1C(C)c1ccc(C)cc1,QCPNAMKDNDLJHH-UHFFFAOYSA-N,3.632037945
TOX-32300,217348,1-[4-[2-hydroxy-3-(propan-2-ylamino)propoxy]phenyl]-3-methylurea,CNC(=O)Nc1ccc(OCC(O)CNC(C)C)cc1,CNC(=O)Nc1ccc(OCC(O)CNC(C)C)cc1,ZWMOWFJMDHZCNJ-UHFFFAOYSA-N,3.636342824
TOX-71370,44461963,2-[[2-[4-(4-carbamimidoylphenoxy)butanoylamino]-3-carboxypropanoyl]amino]-3-methylbutanoic acid,CC(C)C(NC(=O)C(CC(=O)O)NC(=O)CCCOc1ccc(C(=N)N)cc1)C(=O)O,CC(C)C(NC(=O)C(CC(=O)O)NC(=O)CCCOc1ccc(C(=N)N)cc1)C(=O)O,JFCXCBBSUORTNS-UHFFFAOYSA-N,3.639949423
TOX-47991,3053818,N-[[1-[(2-methylpyridin-1-ium-1-yl)methoxymethyl]pyridin-1-ium-4-yl]methylidene]hydroxylamine,Cc1cccc[n+]1COC[n+]1ccc(C=NO)cc1,Cc1cccc[n+]1COC[n+]1ccc(C=NO)cc1,VFZPIPRBTHZFTP-UHFFFAOYSA-O,3.642965579
TOX-31203,3079,"4,17-dimethyl-17-azatetracyclo[7.5.3.01,10.02,7]heptadeca-2(7),3,5-triene",Cc1ccc2c(c1)C13CCCCC1C(C2)N(C)CC3,Cc1ccc2c(c1)C13CCCCC1C(C2)N(C)CC3,KBEZZLAAKIIPFK-UHFFFAOYSA-N,3.64756155
TOX-57966,3069700,3-[2-hydroxy-3-[[1-(1H-indol-3-yl)-2-methylpropan-2-yl]amino]propoxy]thiophene-2-carboxamide,CC(C)(Cc1c[nH]c2ccccc12)NCC(O)COc1ccsc1C(N)=O,CC(C)(Cc1c[nH]c2ccccc12)NCC(O)COc1ccsc1C(N)=O,WNGWOPBTFNKVEO-UHFFFAOYSA-N,3.653778859
TOX-3455,5651,"48-[3-(4-amino-5-hydroxy-4,6-dimethyloxan-2-yl)oxy-4,5-dihydroxy-6-(hydroxymethyl)oxan-2-yl]oxy-22-(2-amino-2-oxoethyl)-5,15-dichloro-2,18,32,35,37-pentahydroxy-19-[[4-methyl-2-(methylamino)pentanoyl]amino]-20,23,26,42,44-pentaoxo-7,13-dioxa-21,24,27,41,43-pentazaoctacyclo[26.14.2.23,6.214,17.18,12.129,33.010,25.034,39]pentaconta-3,5,8(48),9,11,14,16,29(45),30,32,34(39),35,37,46,49-pentadecaene-40-carboxylic acid",CNC(CC(C)C)C(=O)NC1C(=O)NC(CC(N)=O)C(=O)NC2C(=O)NC3C(=O)NC(C(=O)NC(C(=O)O)c4cc(O)cc(O)c4-c4cc3ccc4O)C(O)c3ccc(c(Cl)c3)Oc3cc2cc(c3OC2OC(CO)C(O)C(O)C2OC2CC(C)(N)C(O)C(C)O2)Oc2ccc(cc2Cl)C1O,CNC(CC(C)C)C(=O)NC1C(=O)NC(CC(N)=O)C(=O)NC2C(=O)NC3C(=O)NC(C(=O)NC(C(=O)O)c4cc(O)cc(O)c4-c4cc3ccc4O)C(O)c3ccc(c(Cl)c3)Oc3cc2cc(c3OC2OC(CO)C(O)C(O)C2OC2CC(C)(N)C(O)C(C)O2)Oc2ccc(cc2Cl)C1O,MYPYJXKWCTUITO-UHFFFAOYSA-N,3.657358919
TOX-43227,46502,"5-ethyl-1-methyl-5-pent-2-enyl-1,3-diazinane-2,4,6-trione",CCC=CCC1(CC)C(=O)NC(=O)N(C)C1=O,CCC=CCC1(CC)C(=O)NC(=O)N(C)C1=O,DNBPIMCHFKVVON-UHFFFAOYSA-N,3.661097006
TOX-16604,201921,methyl 3-[1-(4-chlorophenyl)ethyl]imidazole-4-carboxylate,COC(=O)c1cncn1C(C)c1ccc(Cl)cc1,COC(=O)c1cncn1C(C)c1ccc(Cl)cc1,QXCVNTGQKXKUMY-UHFFFAOYSA-N,3.666898774
TOX-13135,96027,"2-methyl-4,5-bis(sulfanylmethyl)pyridin-3-ol",Cc1ncc(CS)c(CS)c1O,Cc1ncc(CS)c(CS)c1O,WRMLOOFXWYUWNA-UHFFFAOYSA-N,3.670409837
TOX-63482,59693,"4-(5,6,7,8-tetrahydroimidazo[1,5-a]pyridin-5-yl)benzonitrile",N#Cc1ccc(C2CCCc3cncn32)cc1,N#Cc1ccc(C2CCCc3cncn32)cc1,CLPFFLWZZBQMAO-UHFFFAOYSA-N,3.67490588
TOX-31245,215827,N-(2-hydroxyethyl)-N-[(3-methyl-2-bicyclo[2.2.1]heptanyl)methyl]benzamide,CC1C2CCC(C2)C1CN(CCO)C(=O)c1ccccc1,CC1C2CCC(C2)C1CN(CCO)C(=O)c1ccccc1,IXFWOBQCOCHKNA-UHFFFAOYSA-N,3.680340047
TOX-53161,3059186,1-(2-anilinoethylamino)-3-(4-nitrophenoxy)propan-2-ol,O=[N+]([O-])c1ccc(OCC(O)CNCCNc2ccccc2)cc1,O=[N+]([O-])c1ccc(OCC(O)CNCCNc2ccccc2)cc1,JGWRPGWGPMQCGH-UHFFFAOYSA-N,3.681466718
TOX-10948,16106,6-(4-methylpiperazin-1-yl)-11H-benzo[c][1]benzazepine,CN1CCN(C2=Nc3ccccc3Cc3ccccc32)CC1,CN1CCN(C2=Nc3ccccc3Cc3ccccc32)CC1,PWRPUAKXMQAFCJ-UHFFFAOYSA-N,3.686335316
TOX-72705,17036,"2-(dimethylamino)ethyl 2-ethoxy-2,2-diphenylacetate",CCOC(C(=O)OCCN(C)C)(c1ccccc1)c1ccccc1,CCOC(C(=O)OCCN(C)C)(c1ccccc1)c1ccccc1,RHUWRJWFHUKVED-UHFFFAOYSA-N,3.695566574
TOX-47737,3053463,"6,6-dimethyl-3-[2-(4-phenylpiperazin-1-yl)ethyl]-1,3-diazinane-2,4-dione",CC1(C)CC(=O)N(CCN2CCN(c3ccccc3)CC2)C(=O)N1,CC1(C)CC(=O)N(CCN2CCN(c3ccccc3)CC2)C(=O)N1,RTHRHDSBECPSPT-UHFFFAOYSA-N,3.699538163
TOX-1915,36811,"4-[2-[4-(4-hydroxyphenyl)butan-2-ylamino]ethyl]benzene-1,2-diol",CC(CCc1ccc(O)cc1)NCCc1ccc(O)c(O)c1,CC(CCc1ccc(O)cc1)NCCc1ccc(O)c(O)c1,JRWZLRBJNMZMFE-UHFFFAOYSA-N,3.703876815
TOX-37945,3236,1-(4-ethylphenyl)-2-methyl-3-piperidin-1-ylpropan-1-one,CCc1ccc(C(=O)C(C)CN2CCCCC2)cc1,CCc1ccc(C(=O)C(C)CN2CCCCC2)cc1,SQUNAWUMZGQQJD-UHFFFAOYSA-N,3.706388076
TOX-34784,3039636,1-[2-[3-(tert-butylamino)-2-hydroxypropoxy]phenyl]-3-cyclohexylurea,CC(C)(C)NCC(O)COc1ccccc1NC(=O)NC1CCCCC1,CC(C)(C)NCC(O)COc1ccccc1NC(=O)NC1CCCCC1,NRZOEGNSTSNSPV-UHFFFAOYSA-N,3.709248456
TOX-41091,112487,"1,2-bis(4-methoxyphenyl)ethanamine",COc1ccc(CC(N)c2ccc(OC)cc2)cc1,COc1ccc(CC(N)c2ccc(OC)cc2)cc1,HKSKSPMTGBSDOR-UHFFFAOYSA-N,3.711525479
TOX-47735,3053459,"6,6-dimethyl-3-[3-(4-phenylpiperazin-1-yl)propyl]-1,3-diazinane-2,4-dione",CC1(C)CC(=O)N(CCCN2CCN(c3ccccc3)CC2)C(=O)N1,CC1(C)CC(=O)N(CCCN2CCN(c3ccccc3)CC2)C(=O)N1,GEYDFXCMIGITSY-UHFFFAOYSA-N,3.717593601
TOX-44348,47540,"N,N-diethyl-2-(2-methyl-1,3-benzodioxol-2-yl)ethanamine",CCN(CC)CCC1(C)Oc2ccccc2O1,CCN(CC)CCC1(C)Oc2ccccc2O1,JXDNPICOJLZPOC-UHFFFAOYSA-N,3.718459245
TOX-3961,4893,"[4-(4-amino-6,7-dimethoxyquinazolin-2-yl)piperazin-1-yl]-(furan-2-yl)methanone",COc1cc2nc(N3CCN(C(=O)c4ccco4)CC3)nc(N)c2cc1OC,COc1cc2nc(N3CCN(C(=O)c4ccco4)CC3)nc(N)c2cc1OC,IENZQIKPVFGBNW-UHFFFAOYSA-N,3.72033831
TOX-15721,110817,"N-(1,2-diphenylethyl)propan-2-amine",CC(C)NC(Cc1ccccc1)c1ccccc1,CC(C)NC(Cc1ccccc1)c1ccccc1,FBRJTEBLJRHAQX-UHFFFAOYSA-N,3.725842691
TOX-4248,2450,"2-bromo-2-nitropropane-1,3-diol",O=[N+]([O-])C(Br)(CO)CO,O=[N+]([O-])C(Br)(CO)CO,LVDKZNITIUWNER-UHFFFAOYSA-N,3.728132335
TOX-20796,204882,"2-[ethyl(tetradecyl)amino]-2-methylpropane-1,3-diol",CCCCCCCCCCCCCCN(CC)C(C)(CO)CO,CCCCCCCCCCCCCCN(CC)C(C)(CO)CO,IDRJLCDTCKAKHQ-UHFFFAOYSA-N,3.732616519
TOX-72240,14592,1-(1-phenylpentan-2-yl)pyrrolidine,CCCC(Cc1ccccc1)N1CCCC1,CCCC(Cc1ccccc1)N1CCCC1,OJCPSBCUMRIPFL-UHFFFAOYSA-N,3.735111642
TOX-12187,17925,"7-chloro-5-(2-chlorophenyl)-1,3-dihydro-1,4-benzodiazepin-2-one",O=C1CN=C(c2ccccc2Cl)c2cc(Cl)ccc2N1,O=C1CN=C(c2ccccc2Cl)c2cc(Cl)ccc2N1,CHIFCDOIPRCHCF-UHFFFAOYSA-N,3.737432368
TOX-17919,202625,2-(4-methoxyphenyl)propan-1-amine,COc1ccc(C(C)CN)cc1,COc1ccc(C(C)CN)cc1,LUOOSDUSUYCCFY-UHFFFAOYSA-N,3.740983418
TOX-1577,163587,"4-ethylidene-7-hydroxy-6,7-dimethyl-2,9-dioxa-14-azatricyclo[9.5.1.014,17]heptadecane-3,8-dione",CC=C1CC(C)C(C)(O)C(=O)OCC2CCN3CCC(OC1=O)C23,CC=C1CC(C)C(C)(O)C(=O)OCC2CCN3CCC(OC1=O)C23,BTHCJHQOYFUIMG-UHFFFAOYSA-N,3.750014422
TOX-41295,3047205,4-methyl-3-phenyl-1-piperidin-1-ylpentan-3-ol,CC(C)C(O)(CCN1CCCCC1)c1ccccc1,CC(C)C(O)(CCN1CCCCC1)c1ccccc1,PGLJZBIRHGLPMK-UHFFFAOYSA-N,3.764108022
TOX-3443,121829,5-[2-[2-(2-ethoxyphenoxy)ethylamino]propyl]-2-methoxybenzenesulfonamide,CCOc1ccccc1OCCNC(C)Cc1ccc(OC)c(S(N)(=O)=O)c1,CCOc1ccccc1OCCNC(C)Cc1ccc(OC)c(S(N)(=O)=O)c1,DRHKJLXJIQTDTD-UHFFFAOYSA-N,3.766115283
TOX-3424,4634,4-(diethylamino)but-2-ynyl 2-cyclohexyl-2-hydroxy-2-phenylacetate,CCN(CC)CC#CCOC(=O)C(O)(c1ccccc1)C1CCCCC1,CCN(CC)CC#CCOC(=O)C(O)(c1ccccc1)C1CCCCC1,XIQVNETUBQGFHX-UHFFFAOYSA-N,3.767938922
TOX-2761,3780,"(6-nitrooxy-2,3,3a,5,6,6a-hexahydrofuro[3,2-b]furan-3-yl) nitrate",O=[N+]([O-])OC1COC2C(O[N+](=O)[O-])COC12,O=[N+]([O-])OC1COC2C(O[N+](=O)[O-])COC12,MOYKHGMNXAOIAT-UHFFFAOYSA-N,3.771102211
TOX-109688,48082,"(2,2-dimethyl-3-morpholin-4-ylpropyl) 2-cyclohexyl-2-phenylacetate",CC(C)(COC(=O)C(c1ccccc1)C1CCCCC1)CN1CCOCC1,CC(C)(COC(=O)C(c1ccccc1)C1CCCCC1)CN1CCOCC1,IQJJJMCKXQKLKR-UHFFFAOYSA-N,3.772993077
TOX-32566,285699,"[6-[12-acetyloxy-10-[5-acetyloxy-4-(dimethylamino)-4,6-dimethyloxan-2-yl]-2-but-2-en-2-yl-11-hydroxy-12-methoxy-5-methyl-4,7-dioxonaphtho[7,6-h]chromen-8-yl]-4-(dimethylamino)-2-methyloxan-3-yl] acetate",CC=C(C)c1cc(=O)c2c(C)cc3c(c2o1)C(OC)(OC(C)=O)c1c(O)c(C2CC(C)(N(C)C)C(OC(C)=O)C(C)O2)cc(C2CC(N(C)C)C(OC(C)=O)C(C)O2)c1C3=O,CC=C(C)c1cc(=O)c2c(C)cc3c(c2o1)C(OC)(OC(C)=O)c1c(O)c(C2CC(C)(N(C)C)C(OC(C)=O)C(C)O2)cc(C2CC(N(C)C)C(OC(C)=O)C(C)O2)c1C3=O,XYJIEMFSVFBJNI-UHFFFAOYSA-N,3.781740505
TOX-38658,40589,"2-[3-[4-(3-chlorophenyl)piperazin-1-yl]propyl]-4,5-diethyl-1,2,4-triazol-3-one",CCc1nn(CCCN2CCN(c3cccc(Cl)c3)CC2)c(=O)n1CC,CCc1nn(CCCN2CCN(c3cccc(Cl)c3)CC2)c(=O)n1CC,IZBNNCFOBMGTQX-UHFFFAOYSA-N,3.785008186
TOX-26048,159977,"5-methyl-3-(4-methylpiperazin-1-yl)pyridazino[3,4-b][1,4]benzoxazine",CN1CCN(c2cc3c(nn2)Oc2ccccc2N3C)CC1,CN1CCN(c2cc3c(nn2)Oc2ccccc2N3C)CC1,SDYYIRPAZHJOLM-UHFFFAOYSA-N,3.792044232
TOX-16717,72137,methyl 2-[[2-(diethylamino)acetyl]amino]-3-methylbenzoate,CCN(CC)CC(=O)Nc1c(C)cccc1C(=O)OC,CCN(CC)CC(=O)Nc1c(C)cccc1C(=O)OC,UDKICLZCJWQTLS-UHFFFAOYSA-N,3.80114167
TOX-8446,12541,2-ethylsulfanylethylsulfanyl-dimethoxy-sulfanylidene-lambda5-phosphane,CCSCCSP(=S)(OC)OC,CCSCCSP(=S)(OC)OC,OPASCBHCTNRLRM-UHFFFAOYSA-N,3.806107703
TOX-37617,43103,3-[(4-methoxyphenoxy)methyl]-1-methyl-4-phenylpiperidine,COc1ccc(OCC2CN(C)CCC2c2ccccc2)cc1,COc1ccc(OCC2CN(C)CCC2c2ccccc2)cc1,OJSFTALXCYKKFQ-UHFFFAOYSA-N,3.812112236
TOX-38119,42107,"N-[2-(3,4-dimethoxyphenyl)ethyl]-3-[2-(3,4-dimethoxyphenyl)-1,1,3,3-tetraoxo-1,3-dithian-2-yl]-N-methylpropan-1-amine",COc1ccc(CCN(C)CCCC2(c3ccc(OC)c(OC)c3)S(=O)(=O)CCCS2(=O)=O)cc1OC,COc1ccc(CCN(C)CCCC2(c3ccc(OC)c(OC)c3)S(=O)(=O)CCCS2(=O)=O)cc1OC,ZROUQTNYPCANTN-UHFFFAOYSA-N,3.820572833
TOX-44829,48078,"2-morpholin-4-ylethyl 2-chloro-2,2-diphenylacetate",O=C(OCCN1CCOCC1)C(Cl)(c1ccccc1)c1ccccc1,O=C(OCCN1CCOCC1)C(Cl)(c1ccccc1)c1ccccc1,UKPCFJNIYAYAEO-UHFFFAOYSA-N,3.827771346
TOX-24977,31740,3-benzhydrylidene-1-ethylpyrrolidine,CCN1CCC(=C(c2ccccc2)c2ccccc2)C1,CCN1CCC(=C(c2ccccc2)c2ccccc2)C1,BJUHVJHOJBHLJS-UHFFFAOYSA-N,3.829524782
TOX-1954,6049,2-[2-[bis(carboxymethyl)amino]ethyl-(carboxymethyl)amino]acetic acid,O=C(O)CN(CCN(CC(=O)O)CC(=O)O)CC(=O)O,O=C(O)CN(CCN(CC(=O)O)CC(=O)O)CC(=O)O,KCXVZYZYPLLWCC-UHFFFAOYSA-N,3.832277148
TOX-76641,3051124,"2-(diethylamino)ethyl 2-cyclopent-2-en-1-yl-2-(2,3-dihydro-1H-inden-1-yl)acetate",CCN(CC)CCOC(=O)C(C1C=CCC1)C1CCc2ccccc21,CCN(CC)CCOC(=O)C(C1C=CCC1)C1CCc2ccccc21,ARQVMMOJPKVAMG-UHFFFAOYSA-N,3.834414345
TOX-15544,410620,"16-methoxy-5-oxa-10-azatetracyclo[8.7.0.01,13.02,7]heptadeca-2(7),12,14-trien-4-one",COC1C=CC2=CCN3CCC4=C(CC(=O)OC4)C23C1,COC1C=CC2=CCN3CCC4=C(CC(=O)OC4)C23C1,PXWINCSLFXUWBZ-UHFFFAOYSA-N,3.842297929
TOX-52149,3058093,"2-(4,5-dipropyl-1,3-oxazol-2-yl)guanidine",CCCc1nc(NC(=N)N)oc1CCC,CCCc1nc(NC(=N)N)oc1CCC,AELNGSYDNICUTH-UHFFFAOYSA-N,3.845678779
TOX-47944,3053743,"2-ethyl-3,6-dimethylpyrido[1,2-a]pyrimidin-4-one",CCc1nc2cccc(C)n2c(=O)c1C,CCc1nc2cccc(C)n2c(=O)c1C,LZUPNXMYPFUBNK-UHFFFAOYSA-N,3.848824413
TOX-6268,8645,"[3-(diethylamino)-2,2-dimethylpropyl] 3-hydroxy-2-phenylpropanoate",CCN(CC)CC(C)(C)COC(=O)C(CO)c1ccccc1,CCN(CC)CC(C)(C)COC(=O)C(CO)c1ccccc1,ORXLOAFNULMXBG-UHFFFAOYSA-N,3.85428344
TOX-21265,63345,2-[2-[2-[4-[(4-chlorophenyl)-phenylmethyl]piperazin-1-yl]ethoxy]ethoxy]ethanol,OCCOCCOCCN1CCN(C(c2ccccc2)c2ccc(Cl)cc2)CC1,OCCOCCOCCN1CCN(C(c2ccccc2)c2ccc(Cl)cc2)CC1,VUFOCTSXHUWGPW-UHFFFAOYSA-N,3.85874975
TOX-21889,29248,"N-[2-(dimethylamino)ethyl]-2-ethoxy-2,2-diphenylacetamide",CCOC(C(=O)NCCN(C)C)(c1ccccc1)c1ccccc1,CCOC(C(=O)NCCN(C)C)(c1ccccc1)c1ccccc1,IWUCRJKEJFWTLD-UHFFFAOYSA-N,3.860590855
TOX-8535,69610,difluorophosphorylmethane,CP(=O)(F)F,CP(=O)(F)F,PQIOSYKVBBWRRI-UHFFFAOYSA-N,3.863296804
TOX-34751,135564357,"3-[18-(2-carboxyethyl)-7,12-bis(ethenyl)-3,8,13,17-tetramethyl-21,22-dihydroporphyrin-2-yl]propanoic acid",C=CC1=C(C)c2cc3[nH]c(cc4[nH]c(cc5nc(cc1n2)C(C)=C5C=C)c(C)c4CCC(=O)O)c(CCC(=O)O)c3C,C=CC1=C(C)c2cc3[nH]c(cc4[nH]c(cc5nc(cc1n2)C(C)=C5C=C)c(C)c4CCC(=O)O)c(CCC(=O)O)c3C,OXTIQTUKEUGAPP-UHFFFAOYSA-N,3.867871043
TOX-4726,4839,"(1-ethylpiperidin-3-yl) 2,2-diphenylacetate",CCN1CCCC(OC(=O)C(c2ccccc2)c2ccccc2)C1,CCN1CCCC(OC(=O)C(c2ccccc2)c2ccccc2)C1,KTHVBAZBLKXIHZ-UHFFFAOYSA-N,3.870411557
TOX-2072,4120,"(9,9-dimethyl-3-oxa-9-azoniatricyclo[3.3.1.02,4]nonan-7-yl) 3-hydroxy-2-phenylpropanoate",C[N+]1(C)C2CC(OC(=O)C(CO)c3ccccc3)CC1C1OC12,C[N+]1(C)C2CC(OC(=O)C(CO)c3ccccc3)CC1C1OC12,LZCOQTDXKCNBEE-UHFFFAOYSA-N,3.874574581
TOX-28150,207305,2-(diethylamino)ethyl 2-ethyl-3-methyl-2-phenylpentanoate,CCC(C)C(CC)(C(=O)OCCN(CC)CC)c1ccccc1,CCC(C)C(CC)(C(=O)OCCN(CC)CC)c1ccccc1,BIPSMQSSYGXNLC-UHFFFAOYSA-N,3.880173814
TOX-32646,217784,1-butyl-3-[4-[2-hydroxy-3-(propan-2-ylamino)propoxy]phenyl]urea,CCCCNC(=O)Nc1ccc(OCC(O)CNC(C)C)cc1,CCCCNC(=O)Nc1ccc(OCC(O)CNC(C)C)cc1,PJWYGCSRBKHVRE-UHFFFAOYSA-N,3.88654041
TOX-73266,71135,2-[2-(4-benzhydrylpiperazin-1-yl)ethoxy]ethanol,OCCOCCN1CCN(C(c2ccccc2)c2ccccc2)CC1,OCCOCCN1CCN(C(c2ccccc2)c2ccccc2)CC1,OXBBIHZWNDPBMQ-UHFFFAOYSA-N,3.889634167
TOX-39052,318291,"1-(2-chloroethyl)-1-nitroso-3-[3,4,5-trihydroxy-6-(hydroxymethyl)oxan-2-yl]urea",O=NN(CCCl)C(=O)NC1OC(CO)C(O)C(O)C1O,O=NN(CCCl)C(=O)NC1OC(CO)C(O)C(O)C1O,ZOBLZIKVIHJGRN-UHFFFAOYSA-N,3.894446221
TOX-67118,13653621,,CCn1nnn(CCN2CCC(N(C(=O)COC)c3ccccc3F)C(C)C2)c1=O,CCn1nnn(CCN2CCC(N(C(=O)COC)c3ccccc3F)C(C)C2)c1=O,KKMGCTVJCQYQPV-UHFFFAOYSA-N,3.89947877
TOX-32324,217383,1-hexyl-3-[4-[2-hydroxy-3-(propan-2-ylamino)propoxy]phenyl]urea,CCCCCCNC(=O)Nc1ccc(OCC(O)CNC(C)C)cc1,CCCCCCNC(=O)Nc1ccc(OCC(O)CNC(C)C)cc1,CFJMHEIWIQRQOI-UHFFFAOYSA-N,3.902461533
TOX-2130,4631,1-(propan-2-ylamino)-3-(2-prop-2-enoxyphenoxy)propan-2-ol,C=CCOc1ccccc1OCC(O)CNC(C)C,C=CCOc1ccccc1OCC(O)CNC(C)C,CEMAWMOMDPGJMB-UHFFFAOYSA-N,3.905310062
TOX-20967,28425,"N-methyl-1-(1-tetracyclo[6.6.2.02,7.09,14]hexadeca-2,4,6,9,11,13-hexaenyl)methanamine",CNCC12CCC(c3ccccc31)c1ccccc12,CNCC12CCC(c3ccccc31)c1ccccc12,GNRXCIONJWKSEA-UHFFFAOYSA-N,3.91118364
TOX-73630,3032537,"5-hex-3-yn-2-yl-5-prop-2-enyl-2-sulfanylidene-1,3-diazinane-4,6-dione",C=CCC1(C(C)C#CCC)C(=O)NC(=S)NC1=O,C=CCC1(C(C)C#CCC)C(=O)NC(=S)NC1=O,ZGYJMOZAMSVQBT-UHFFFAOYSA-N,3.917029336
TOX-38423,3044556,1-[4-[3-(tert-butylamino)-2-hydroxypropoxy]phenyl]-3-cyclohexyl-1-methylurea,CN(C(=O)NC1CCCCC1)c1ccc(OCC(O)CNC(C)(C)C)cc1,CN(C(=O)NC1CCCCC1)c1ccc(OCC(O)CNC(C)(C)C)cc1,AAUDSGBTGJQGHQ-UHFFFAOYSA-N,3.923737804
TOX-16190,110913,"1-ethyl-13-methyl-10-prop-2-enyl-10-azatricyclo[7.3.1.02,7]trideca-2(7),3,5-trien-4-ol",C=CCN1CCC2(CC)c3cc(O)ccc3CC1C2C,C=CCN1CCC2(CC)c3cc(O)ccc3CC1C2C,DVLZNYFUUUDCOL-UHFFFAOYSA-N,3.928466266
TOX-4769,5574,"N,N,2-trimethyl-3-phenothiazin-10-ylpropan-1-amine",CC(CN(C)C)CN1c2ccccc2Sc2ccccc21,CC(CN(C)C)CN1c2ccccc2Sc2ccccc21,ZZHLYYDVIOPZBE-UHFFFAOYSA-N,3.930810815
TOX-2094,4260,[4-[2-(dimethylamino)ethoxy]-2-methyl-5-propan-2-ylphenyl] acetate,CC(=O)Oc1cc(C(C)C)c(OCCN(C)C)cc1C,CC(=O)Oc1cc(C(C)C)c(OCCN(C)C)cc1C,VRYMTAVOXVTQEF-UHFFFAOYSA-N,3.941045335
TOX-15054,21847,"3-(1-benzylpiperidin-4-yl)-3-phenylpiperidine-2,6-dione",O=C1CCC(c2ccccc2)(C2CCN(Cc3ccccc3)CC2)C(=O)N1,O=C1CCC(c2ccccc2)(C2CCN(Cc3ccccc3)CC2)C(=O)N1,LQQIVYSCPWCSSD-UHFFFAOYSA-N,3.945075483
TOX-2536,25295,"N'-[(4-chlorophenyl)methyl]-N,N-dimethyl-N'-pyridin-2-ylethane-1,2-diamine",CN(C)CCN(Cc1ccc(Cl)cc1)c1ccccn1,CN(C)CCN(Cc1ccc(Cl)cc1)c1ccccn1,ICKFFNBDFNZJSX-UHFFFAOYSA-N,3.950230006
TOX-66380,124236,,CCOC(=O)C1=C(C)NC(C)=C(C(=O)OCCN2C(=O)c3ccccc3S2(=O)=O)C1C,CCOC(=O)C1=C(C)NC(C)=C(C(=O)OCCN2C(=O)c3ccccc3S2(=O)=O)C1C,MCNAAGLIGWJLQX-UHFFFAOYSA-N,3.952789538
TOX-20566,27454,3-[(1-hydroxy-1-phenylpropan-2-yl)amino]-1-(3-methoxyphenyl)propan-1-one,COc1cccc(C(=O)CCNC(C)C(O)c2ccccc2)c1,COc1cccc(C(=O)CCNC(C)C(O)c2ccccc2)c1,GDYUVHBMFVMBAF-UHFFFAOYSA-N,3.957229245
TOX-24993,31789,"1,2-bis(oxiran-2-yl)ethane-1,2-diol",OC(C1CO1)C(O)C1CO1,OC(C1CO1)C(O)C1CO1,AAFJXZWCNVJTMK-UHFFFAOYSA-N,3.960655064
TOX-31145,267891,"4-ethylidene-7-hydroxy-7-(hydroxymethyl)-6-methyl-2,9-dioxa-14-azatricyclo[9.5.1.014,17]heptadec-11-ene-3,8-dione",CC=C1CC(C)C(O)(CO)C(=O)OCC2=CCN3CCC(OC1=O)C23,CC=C1CC(C)C(O)(CO)C(=O)OCC2=CCN3CCC(OC1=O)C23,BCJMNZRQJAVDLD-UHFFFAOYSA-N,3.966016925
TOX-36147,3041203,"(1,1-diphenyl-3-piperidin-1-ylpropyl) methanesulfonate",CS(=O)(=O)OC(CCN1CCCCC1)(c1ccccc1)c1ccccc1,CS(=O)(=O)OC(CCN1CCCCC1)(c1ccccc1)c1ccccc1,CNGZDVMAVFKQNH-UHFFFAOYSA-N,3.970251544
TOX-70294,5160,4-[1-(dimethylamino)-3-[2-[2-(3-methoxyphenyl)ethyl]phenoxy]propan-2-yl]oxy-4-oxobutanoic acid,COc1cccc(CCc2ccccc2OCC(CN(C)C)OC(=O)CCC(=O)O)c1,COc1cccc(CCc2ccccc2OCC(CN(C)C)OC(=O)CCC(=O)O)c1,FFYNAVGJSYHHFO-UHFFFAOYSA-N,3.979763799
TOX-4395,2310,"4-ethyl-4-methylpiperidine-2,6-dione",CCC1(C)CC(=O)NC(=O)C1,CCC1(C)CC(=O)NC(=O)C1,ORRZGUBHBVWWOP-UHFFFAOYSA-N,3.986763339
TOX-3494,4601,"N,N-dimethyl-2-[(2-methylphenyl)-phenylmethoxy]ethanamine",Cc1ccccc1C(OCCN(C)C)c1ccccc1,Cc1ccccc1C(OCCN(C)C)c1ccccc1,QVYRGXJJSLMXQH-UHFFFAOYSA-N,3.991045552
TOX-4571,6496,1-ethenylsulfonylethene,C=CS(=O)(=O)C=C,C=CS(=O)(=O)C=C,AFOSIXZFDONLBT-UHFFFAOYSA-N,3.99327821
TOX-21219,3393,"7-chloro-1-[2-(diethylamino)ethyl]-5-(2-fluorophenyl)-3H-1,4-benzodiazepin-2-one",CCN(CC)CCN1C(=O)CN=C(c2ccccc2F)c2cc(Cl)ccc21,CCN(CC)CCN1C(=O)CN=C(c2ccccc2F)c2cc(Cl)ccc21,SAADBVWGJQAEFS-UHFFFAOYSA-N,3.997405883
TOX-2280,5572,1-cyclohexyl-1-phenyl-3-piperidin-1-ylpropan-1-ol,OC(CCN1CCCCC1)(c1ccccc1)C1CCCCC1,OC(CCN1CCCCC1)(c1ccccc1)C1CCCCC1,HWHLPVGTWGOCJO-UHFFFAOYSA-N,4.002128609
TOX-1918,3151,6-chloro-3-[1-[3-(2-oxo-3H-benzimidazol-1-yl)propyl]piperidin-4-yl]-1H-benzimidazol-2-one,O=c1[nH]c2ccccc2n1CCCN1CCC(n2c(=O)[nH]c3cc(Cl)ccc32)CC1,O=c1[nH]c2ccccc2n1CCCN1CCC(n2c(=O)[nH]c3cc(Cl)ccc32)CC1,FGXWKSZFVQUSTL-UHFFFAOYSA-N,4.009191979
TOX-46572,2798,4-(4-chlorophenyl)butyl-diethyl-heptylazanium,CCCCCCC[N+](CC)(CC)CCCCc1ccc(Cl)cc1,CCCCCCC[N+](CC)(CC)CCCCc1ccc(Cl)cc1,WPSYTTKBGAZSCX-UHFFFAOYSA-N,4.011669104
TOX-16576,23480,"N-tert-butyl-4,4-diphenylbutan-2-amine",CC(CC(c1ccccc1)c1ccccc1)NC(C)(C)C,CC(CC(c1ccccc1)c1ccccc1)NC(C)(C)C,UISARWKNNNHPGI-UHFFFAOYSA-N,4.018026687
TOX-6781,65535,"N,N-diethyl-2-phenothiazin-10-ylethanamine",CCN(CC)CCN1c2ccccc2Sc2ccccc21,CCN(CC)CCN1c2ccccc2Sc2ccccc21,LURMIKVZJSMXQE-UHFFFAOYSA-N,4.020033999
TOX-1795,2476,"5-(cyclopropylmethyl)-16-(2-hydroxy-3,3-dimethylbutan-2-yl)-15-methoxy-13-oxa-5-azahexacyclo[13.2.2.12,8.01,6.02,14.012,20]icosa-8(20),9,11-trien-11-ol",COC12CCC3(CC1C(C)(O)C(C)(C)C)C1Cc4ccc(O)c5c4C3(CCN1CC1CC1)C2O5,COC12CCC3(CC1C(C)(O)C(C)(C)C)C1Cc4ccc(O)c5c4C3(CCN1CC1CC1)C2O5,RMRJXGBAOAMLHD-UHFFFAOYSA-N,4.028044247
TOX-16540,65591,propyl 3-(1-phenylethyl)imidazole-4-carboxylate,CCCOC(=O)c1cncn1C(C)c1ccccc1,CCCOC(=O)c1cncn1C(C)c1ccccc1,LKGPZAQFNYKISK-UHFFFAOYSA-N,4.031948472
TOX-10556,15676,"2-[3-(dimethylamino)propyl]tricyclo[9.4.0.03,8]pentadeca-1(15),3,5,7,11,13-hexaene-2-carbonitrile",CN(C)CCCC1(C#N)c2ccccc2CCc2ccccc21,CN(C)CCCC1(C#N)c2ccccc2CCc2ccccc21,SRZCPZGCRDDINU-UHFFFAOYSA-N,4.036339402
TOX-7245,2723801,"3,7-dimethyl-10-phenylphenazin-10-ium-2,8-diamine",Cc1cc2nc3cc(C)c(N)cc3[n+](-c3ccccc3)c2cc1N,Cc1cc2nc3cc(C)c(N)cc3[n+](-c3ccccc3)c2cc1N,WULISCVZERSMML-UHFFFAOYSA-O,4.040374925
TOX-10903,16034,phenyl N-methylcarbamate,CNC(=O)Oc1ccccc1,CNC(=O)Oc1ccccc1,SCWKRWCUMCMVPW-UHFFFAOYSA-N,4.04591234
TOX-19000,71681,"4,4-diphenyl-N-propan-2-ylcyclohexan-1-amine",CC(C)NC1CCC(c2ccccc2)(c2ccccc2)CC1,CC(C)NC1CCC(c2ccccc2)(c2ccccc2)CC1,SBEOBYJLAQKTQX-UHFFFAOYSA-N,4.052566686
TOX-4027,2995,"3-(5,6-dihydrobenzo[b][1]benzazepin-11-yl)-N-methylpropan-1-amine",CNCCCN1c2ccccc2CCc2ccccc21,CNCCCN1c2ccccc2CCc2ccccc21,HCYAFALTSJYZDH-UHFFFAOYSA-N,4.054938858
TOX-35439,40395,"N',N'-diethyl-N-[3-(2-methylbenzo[f][1,3]benzodioxol-2-yl)propyl]ethane-1,2-diamine",CCN(CC)CCNCCCC1(C)Oc2cc3ccccc3cc2O1,CCN(CC)CCNCCCC1(C)Oc2cc3ccccc3cc2O1,MLLJGLYCISHRAN-UHFFFAOYSA-N,4.057517764
TOX-1582,5154,"24-methyl-5,7,18,20-tetraoxa-24-azoniahexacyclo[11.11.0.02,10.04,8.014,22.017,21]tetracosa-1(24),2,4(8),9,11,13,15,17(21),22-nonaene",C[n+]1cc2c3c(ccc2c2ccc4cc5c(cc4c21)OCO5)OCO3,C[n+]1cc2c3c(ccc2c2ccc4cc5c(cc4c21)OCO5)OCO3,INVGWHRKADIJHF-UHFFFAOYSA-N,4.061436134
TOX-41294,3047203,6-methyl-3-phenyl-1-piperidin-1-ylheptan-3-ol,CC(C)CCC(O)(CCN1CCCCC1)c1ccccc1,CC(C)CCC(O)(CCN1CCCCC1)c1ccccc1,FHTWNTKDXPHJFT-UHFFFAOYSA-N,4.06365305
TOX-36485,65814,"1-(tert-butylamino)-3-(2,5-dichlorophenoxy)propan-2-ol",CC(C)(C)NCC(O)COc1cc(Cl)ccc1Cl,CC(C)(C)NCC(O)COc1cc(Cl)ccc1Cl,XYCMOTOFHFTUIU-UHFFFAOYSA-N,4.067749121
TOX-2677,17012,2-[4-[3-[2-(trifluoromethyl)thioxanthen-9-ylidene]propyl]piperazin-1-yl]ethanol,OCCN1CCN(CCC=C2c3ccccc3Sc3ccc(C(F)(F)F)cc32)CC1,OCCN1CCN(CCC=C2c3ccccc3Sc3ccc(C(F)(F)F)cc32)CC1,NJMYODHXAKYRHW-UHFFFAOYSA-N,4.069815043
TOX-11911,17596,"1,3,5,7-tetranitro-1,3,5,7-tetrazocane",O=[N+]([O-])N1CN([N+](=O)[O-])CN([N+](=O)[O-])CN([N+](=O)[O-])C1,O=[N+]([O-])N1CN([N+](=O)[O-])CN([N+](=O)[O-])CN([N+](=O)[O-])C1,UZGLIIJVICEWHF-UHFFFAOYSA-N,4.073580527
TOX-19628,27207,"4-(1-methylazepan-1-ium-1-yl)-2,2-diphenylbutanamide",C[N+]1(CCC(C(N)=O)(c2ccccc2)c2ccccc2)CCCCCC1,C[N+]1(CCC(C(N)=O)(c2ccccc2)c2ccccc2)CCCCCC1,HDGFUOKLIQJQCS-UHFFFAOYSA-O,4.079075006
TOX-2321,2801,"3-(2-chloro-5,6-dihydrobenzo[b][1]benzazepin-11-yl)-N,N-dimethylpropan-1-amine",CN(C)CCCN1c2ccccc2CCc2ccc(Cl)cc21,CN(C)CCCN1c2ccccc2CCc2ccc(Cl)cc21,GDLIGKIOYRNHDA-UHFFFAOYSA-N,4.083144143
TOX-24567,89767,"bis(2-propoxyethyl) 2,6-dimethyl-4-(3-nitrophenyl)-1,4-dihydropyridine-3,5-dicarboxylate",CCCOCCOC(=O)C1=C(C)NC(C)=C(C(=O)OCCOCCC)C1c1cccc([N+](=O)[O-])c1,CCCOCCOC(=O)C1=C(C)NC(C)=C(C(=O)OCCOCCC)C1c1cccc([N+](=O)[O-])c1,VZWXXKDFACOXNT-UHFFFAOYSA-N,4.088625945
TOX-33128,65979,"N-(2,3-dihydro-1H-inden-4-yl)-4,5-dihydro-1H-imidazol-2-amine",c1cc2c(c(NC3=NCCN3)c1)CCC2,c1cc2c(c(NC3=NCCN3)c1)CCC2,KUCWWEPJRBANHL-UHFFFAOYSA-N,4.091597915
TOX-4384,98520,"(1,2,5-trimethyl-4-phenylpiperidin-4-yl) propanoate",CCC(=O)OC1(c2ccccc2)CC(C)N(C)CC1C,CCC(=O)OC1(c2ccccc2)CC(C)N(C)CC1C,UVITTYOJFlogI-UHFFFAOYSA-N,4.097528639
TOX-36629,4942,"(1-methylpiperidin-4-yl) 2,2-diphenyl-2-propoxyacetate",CCCOC(C(=O)OC1CCN(C)CC1)(c1ccccc1)c1ccccc1,CCCOC(C(=O)OC1CCN(C)CC1)(c1ccccc1)c1ccccc1,QPCVHQBVMYCJOM-UHFFFAOYSA-N,4.102846346
TOX-4444,6244,"trimethyl-[2-(4,5,6,7-tetrachloro-2-methyl-1,3-dihydroisoindol-2-ium-2-yl)ethyl]azanium",C[N+](C)(C)CC[N+]1(C)Cc2c(Cl)c(Cl)c(Cl)c(Cl)c2C1,C[N+](C)(C)CC[N+]1(C)Cc2c(Cl)c(Cl)c(Cl)c(Cl)c2C1,IXWDUZLHWJKVPX-UHFFFAOYSA-N,4.106894798
TOX-13699,10017546,"17-(cyclopropylmethyl)-17-azatetracyclo[7.5.3.01,10.02,7]heptadeca-2(7),3,5-trien-4-ol",Oc1ccc2c(c1)C13CCCCC1C(C2)N(CC1CC1)CC3,Oc1ccc2c(c1)C13CCCCC1C(C2)N(CC1CC1)CC3,NLBUEDSBXVNAPB-UHFFFAOYSA-N,4.111674457
TOX-10356,15443,1-(4-fluorophenyl)-4-(4-pyridin-2-ylpiperazin-1-yl)butan-1-one,O=C(CCCN1CCN(c2ccccn2)CC1)c1ccc(F)cc1,O=C(CCCN1CCN(c2ccccn2)CC1)c1ccc(F)cc1,XTKDAFGWCDAMPY-UHFFFAOYSA-N,4.117142646
TOX-19569,5281,octadecanoic acid,CCCCCCCCCCCCCCCCCC(=O)O,CCCCCCCCCCCCCCCCCC(=O)O,QIQXTHQIDYTFRH-UHFFFAOYSA-N,4.121619386
TOX-11599,94994,(4-arsorosophenyl)urea,NC(=O)Nc1ccc([As]=O)cc1,NC(=O)Nc1ccc([As]=O)cc1,WWXFAARCKPTHAQ-UHFFFAOYSA-N,4.12378825
TOX-41838,44660,"4-bromo-4,4-dinitro-1-phenylbutane-1,2-diol",O=[N+]([O-])C(Br)(CC(O)C(O)c1ccccc1)[N+](=O)[O-],O=[N+]([O-])C(Br)(CC(O)C(O)c1ccccc1)[N+](=O)[O-],DNXJJIZZMJTTAV-UHFFFAOYSA-N,4.127247379
TOX-13008,62504,"(1-ethylpiperidin-3-yl) 2-hydroxy-2,2-diphenylacetate",CCN1CCCC(OC(=O)C(O)(c2ccccc2)c2ccccc2)C1,CCN1CCCC(OC(=O)C(O)(c2ccccc2)c2ccccc2)C1,OJYOTLHNSMYONM-UHFFFAOYSA-N,4.132816613
TOX-34413,68678,4-chloro-N-methyl-6-(4-methylpiperazin-1-yl)-5-methylsulfanylpyrimidin-2-amine,CNc1nc(Cl)c(SC)c(N2CCN(C)CC2)n1,CNc1nc(Cl)c(SC)c(N2CCN(C)CC2)n1,ITYXRJDDBZMFAY-UHFFFAOYSA-N,4.136901674
TOX-7364,10374,"2-N-(4-chlorophenyl)-1,3,5-triazine-2,4-diamine",Nc1ncnc(Nc2ccc(Cl)cc2)n1,Nc1ncnc(Nc2ccc(Cl)cc2)n1,YRZQHIVOIFJEEE-UHFFFAOYSA-N,4.141549712
TOX-74586,5224,"2-[4,6-diamino-3-[[3-amino-6-(aminomethyl)-3,4-dihydro-2H-pyran-2-yl]oxy]-2-hydroxycyclohexyl]oxy-5-methyl-4-(methylamino)oxane-3,5-diol",CNC1C(O)C(OC2C(N)CC(N)C(OC3OC(CN)=CCC3N)C2O)OCC1(C)O,CNC1C(O)C(OC2C(N)CC(N)C(OC3OC(CN)=CCC3N)C2O)OCC1(C)O,URWAJWIAIPFPJE-UHFFFAOYSA-N,4.145675086
TOX-44346,47536,"N-[2-(2-methyl-1,3-benzodioxol-2-yl)ethyl]-2-phenylethanamine",CC1(CCNCCc2ccccc2)Oc2ccccc2O1,CC1(CCNCCc2ccccc2)Oc2ccccc2O1,YVTJJUDZDPWFGS-UHFFFAOYSA-N,4.151325407
TOX-70043,3077236,"ethyl N-[11-[2-(1-phenylethylamino)acetyl]-5,6-dihydrobenzo[b][1]benzazepin-2-yl]carbamate",CCOC(=O)Nc1ccc2c(c1)N(C(=O)CNC(C)c1ccccc1)c1ccccc1CC2,CCOC(=O)Nc1ccc2c(c1)N(C(=O)CNC(C)c1ccccc1)c1ccccc1CC2,YTEIWLNZRYYOST-UHFFFAOYSA-N,4.155577952
TOX-55462,3241,"2,4-diazatetracyclo[12.4.0.02,6.07,12]octadeca-1(18),3,7,9,11,14,16-heptaen-3-amine",NC1=NCC2c3ccccc3Cc3ccccc3N12,NC1=NCC2c3ccccc3Cc3ccccc3N12,WHWZLSFABNNENI-UHFFFAOYSA-N,4.166302971
TOX-25534,32198,"3-(3,3-diphenylpropylamino)propyl 3,4,5-trimethoxybenzoate",COc1cc(C(=O)OCCCNCCC(c2ccccc2)c2ccccc2)cc(OC)c1OC,COc1cc(C(=O)OCCCNCCC(c2ccccc2)c2ccccc2)cc(OC)c1OC,IFYJCDHOWBSELI-UHFFFAOYSA-N,4.167808516
TOX-65089,3065800,"5-O-[[2-(2,4-dichlorophenyl)-2-methyl-1,3-dioxolan-4-yl]methyl] 3-O-methyl 2,6-dimethyl-4-(3-nitrophenyl)-1,4-dihydropyridine-3,5-dicarboxylate",COC(=O)C1=C(C)NC(C)=C(C(=O)OCC2COC(C)(c3ccc(Cl)cc3Cl)O2)C1c1cccc([N+](=O)[O-])c1,COC(=O)C1=C(C)NC(C)=C(C(=O)OCC2COC(C)(c3ccc(Cl)cc3Cl)O2)C1c1cccc([N+](=O)[O-])c1,RUZQJFLDSQRJEW-UHFFFAOYSA-N,4.171539965
TOX-8080,3624,"5-ethyl-6-phenylphenanthridin-5-ium-3,8-diamine",CC[n+]1c(-c2ccccc2)c2cc(N)ccc2c2ccc(N)cc21,CC[n+]1c(-c2ccccc2)c2cc(N)ccc2c2ccc(N)cc21,QTANTQQOYSUMLC-UHFFFAOYSA-O,4.175279818
TOX-48547,3054447,1-[2-(2-chloroanilino)ethylamino]-3-phenoxypropan-2-ol,OC(CNCCNc1ccccc1Cl)COc1ccccc1,OC(CNCCNc1ccccc1Cl)COc1ccccc1,ASNYJNMBHPEIFR-UHFFFAOYSA-N,4.18404214
TOX-42551,115858,"2-benzo[b][1]benzazepin-11-yl-N,N-diethylethanamine",CCN(CC)CCN1c2ccccc2C=Cc2ccccc21,CCN(CC)CCN1c2ccccc2C=Cc2ccccc21,COAKLNSLMLYVFE-UHFFFAOYSA-N,4.187262383
TOX-7434,10509,tetranitromethane,O=[N+]([O-])C([N+](=O)[O-])([N+](=O)[O-])[N+](=O)[O-],O=[N+]([O-])C([N+](=O)[O-])([N+](=O)[O-])[N+](=O)[O-],NYTOUQBROMCLBJ-UHFFFAOYSA-N,4.19195421
TOX-3430,3354,2-piperidin-1-ylethyl 3-methyl-4-oxo-2-phenylchromene-8-carboxylate,Cc1c(-c2ccccc2)oc2c(C(=O)OCCN3CCCCC3)cccc2c1=O,Cc1c(-c2ccccc2)oc2c(C(=O)OCCN3CCCCC3)cccc2c1=O,SPIUTQOUKAMGCX-UHFFFAOYSA-N,4.194755149
TOX-37669,73715419,"7-azido-3-(cyclopropylmethyl)-2,4,4a,5,6,7,7a,13-octahydro-1H-4,12-methanobenzofuro[3,2-e]isoquinolin-9-ol",N#[N+][N-]C1CCC2C3Cc4ccc(O)c5c4C2(CCN3CC2CC2)C1O5,N#[N+][N-]C1CCC2C3Cc4ccc(O)c5c4C2(CCN3CC2CC2)C1O5,ACIDOKFIOLLVDB-UHFFFAOYSA-N,4.204660047
TOX-10150,3592,"(9-acetyloxy-3-methyl-2,4,4a,7,7a,13-hexahydro-1H-4,12-methanobenzofuro[3,2-e]isoquinolin-7-yl) acetate",CC(=O)Oc1ccc2c3c1OC1C(OC(C)=O)C=CC4C(C2)N(C)CCC341,CC(=O)Oc1ccc2c3c1OC1C(OC(C)=O)C=CC4C(C2)N(C)CCC341,GVGLGOZIDCSQPN-UHFFFAOYSA-N,4.215334359
TOX-5942,3091,N-butyl-N-[2-[butyl(morpholine-4-carbonyl)amino]ethyl]morpholine-4-carboxamide,CCCCN(CCN(CCCC)C(=O)N1CCOCC1)C(=O)N1CCOCC1,CCCCN(CCN(CCCC)C(=O)N1CCOCC1)C(=O)N1CCOCC1,HZTMGWSBSDLALI-UHFFFAOYSA-N,4.220269392
TOX-55451,71161,"4,16-dimethoxy-10-methyl-9-(2-phenylethyl)-10-azatricyclo[11.4.0.02,7]heptadeca-1(13),2(7),3,5,14,16-hexaen-3-ol",COc1ccc2c(c1)-c1c(ccc(OC)c1O)CC(CCc1ccccc1)N(C)CC2,COc1ccc2c(c1)-c1c(ccc(OC)c1O)CC(CCc1ccccc1)N(C)CC2,IORHSKBXWWSQME-UHFFFAOYSA-N,4.222767439
TOX-9866,14251,trimethyl(tetradecyl)azanium,CCCCCCCCCCCCCC[N+](C)(C)C,CCCCCCCCCCCCCC[N+](C)(C)C,GLFDLEXFOHUASB-UHFFFAOYSA-N,4.232992724
TOX-7537,21917770,3-benzhydryloxy-8-ethyl-8-azabicyclo[3.2.1]octane,CCN1C2CCC1CC(OC(c1ccccc1)c1ccccc1)C2,CCN1C2CCC1CC(OC(c1ccccc1)c1ccccc1)C2,PHTMLLGDZBZXMW-UHFFFAOYSA-N,4.239960616
TOX-7196,10086,(1-ethylpiperidin-3-yl) 2-cyclopentyl-2-hydroxy-2-phenylacetate,CCN1CCCC(OC(=O)C(O)(c2ccccc2)C2CCCC2)C1,CCN1CCCC(OC(=O)C(O)(c2ccccc2)C2CCCC2)C1,OAWRXBDGRIPUMA-UHFFFAOYSA-N,4.241672284
TOX-41797,78169113,(5-ethenyl-1-propan-2-yl-1-azoniabicyclo[2.2.2]octan-2-yl)-(6-methoxyquinolin-4-yl)methanol,C=CC1C[N+]2(C(C)C)CCC1CC2C(O)c1ccnc2ccc(OC)cc12,C=CC1C[N+]2(C(C)C)CCC1CC2C(O)c1ccnc2ccc(OC)cc12,ALGSEKGAECPXPF-UHFFFAOYSA-N,4.247209371
TOX-10123,15139,1-(4-fluorophenyl)-4-[4-(2-methoxyphenyl)piperazin-1-yl]butan-1-one,COc1ccccc1N1CCN(CCCC(=O)c2ccc(F)cc2)CC1,COc1ccccc1N1CCN(CCCC(=O)c2ccc(F)cc2)CC1,IRYFCWPNDIUQOW-UHFFFAOYSA-N,4.250957658
TOX-48571,3054486,1-(2-anilinoethylamino)-3-phenoxypropan-2-ol,OC(CNCCNc1ccccc1)COc1ccccc1,OC(CNCCNc1ccccc1)COc1ccccc1,XOAOZLURJAWHDT-UHFFFAOYSA-N,4.25281512
TOX-6479,9032,potassium;cyanide,N#C[K],N#C[K],NNFCIKHAZHQZJG-UHFFFAOYSA-N,4.257385214
TOX-11172,16363,3-[1-[4-(4-fluorophenyl)-4-oxobutyl]piperidin-4-yl]-1H-benzimidazol-2-one,O=C(CCCN1CCC(n2c(=O)[nH]c3ccccc32)CC1)c1ccc(F)cc1,O=C(CCCN1CCC(n2c(=O)[nH]c3ccccc32)CC1)c1ccc(F)cc1,FEBOTPHFXYHVPL-UHFFFAOYSA-N,4.259219463
TOX-21891,197970,1-(4-octylphenyl)-3-piperidin-1-ylpropan-1-one,CCCCCCCCc1ccc(C(=O)CCN2CCCCC2)cc1,CCCCCCCCc1ccc(C(=O)CCN2CCCCC2)cc1,ODUILFNOMMYWTO-UHFFFAOYSA-N,4.262619817
TOX-8782,214,7-[3-hydroxy-2-(3-hydroxyoct-1-enyl)-5-oxocyclopentyl]heptanoic acid,CCCCCC(O)C=CC1C(O)CC(=O)C1CCCCCCC(=O)O,CCCCCC(O)C=CC1C(O)CC(=O)C1CCCCCCC(=O)O,GMVPRGQOIOIIMI-UHFFFAOYSA-N,4.266299084
TOX-2184,4917,2-chloro-10-[3-(4-methylpiperazin-1-yl)propyl]phenothiazine,CN1CCN(CCCN2c3ccccc3Sc3ccc(Cl)cc32)CC1,CN1CCN(CCCN2c3ccccc3Sc3ccc(Cl)cc32)CC1,WIKYUJGCLQQFNW-UHFFFAOYSA-N,4.271787026
TOX-15246,61122,ethyl 1-[2-(2-hydroxyethoxy)ethyl]-4-phenylpiperidine-4-carboxylate,CCOC(=O)C1(c2ccccc2)CCN(CCOCCO)CC1,CCOC(=O)C1(c2ccccc2)CCN(CCOCCO)CC1,KJTKYGFGPQSRRA-UHFFFAOYSA-N,4.276619922
TOX-22019,14764,(5-ethyl-1-azabicyclo[2.2.2]octan-2-yl)-[6-(3-methylbutoxy)quinolin-4-yl]methanol,CCC1CN2CCC1CC2C(O)c1ccnc2ccc(OCCC(C)C)cc12,CCC1CN2CCC1CC2C(O)c1ccnc2ccc(OCCC(C)C)cc12,CAFOIGUDKPQBIO-UHFFFAOYSA-N,4.28165594
TOX-44520,125210,"10-[4,5-dihydroxy-6-[3,4,5-trihydroxy-6-(hydroxymethyl)oxan-2-yl]oxyoxan-3-yl]oxy-11-hydroxy-9-(hydroxymethyl)-2-methoxycarbonyl-2,6a,6b,9,12a-pentamethyl-1,3,4,5,6,6a,7,8,8a,10,11,12,13,14b-tetradecahydropicene-4a-carboxylic acid",COC(=O)C1(C)CCC2(C(=O)O)CCC3(C)C(=CCC4C5(C)CC(O)C(OC6COC(OC7OC(CO)C(O)C(O)C7O)C(O)C6O)C(C)(CO)C5CCC43C)C2C1,COC(=O)C1(C)CCC2(C(=O)O)CCC3(C)C(=CCC4C5(C)CC(O)C(OC6COC(OC7OC(CO)C(O)C(O)C7O)C(O)C6O)C(C)(CO)C5CCC43C)C2C1,YRHWKFMGEDDGIJ-UHFFFAOYSA-N,4.291151488
TOX-1746,2160,"N,N-dimethyl-3-(2-tricyclo[9.4.0.03,8]pentadeca-1(15),3,5,7,11,13-hexaenylidene)propan-1-amine",CN(C)CCC=C1c2ccccc2CCc2ccccc21,CN(C)CCC=C1c2ccccc2CCc2ccccc21,KRMDCWKBEZIMAB-UHFFFAOYSA-N,4.296995642
TOX-70035,1605958,"propan-2-yl N-[11-[2-(2-hydroxyethylamino)acetyl]-5,6-dihydrobenzo[b][1]benzazepin-2-yl]carbamate",CC(C)OC(=O)Nc1ccc2c(c1)N(C(=O)CNCCO)c1ccccc1CC2,CC(C)OC(=O)Nc1ccc2c(c1)N(C(=O)CNCCO)c1ccccc1CC2,HOCASTTYVPLLEC-UHFFFAOYSA-N,4.298279822
TOX-245,5453,tris(aziridin-1-yl)-sulfanylidene-lambda5-phosphane,S=P(N1CC1)(N1CC1)N1CC1,S=P(N1CC1)(N1CC1)N1CC1,FOCVUCIESVLUNU-UHFFFAOYSA-N,4.303848365
TOX-68735,119596,"3-amino-4-[4-[4-(piperidin-1-ylmethyl)pyridin-2-yl]oxybut-2-enylamino]cyclobut-3-ene-1,2-dione",Nc1c(NCC=CCOc2cc(CN3CCCCC3)ccn2)c(=O)c1=O,Nc1c(NCC=CCOc2cc(CN3CCCCC3)ccn2)c(=O)c1=O,XMDYZASWLGWIPL-UHFFFAOYSA-N,4.308931328
TOX-9807,3290,"N,N-diethyl-1-phenothiazin-10-ylpropan-2-amine",CCN(CC)C(C)CN1c2ccccc2Sc2ccccc21,CCN(CC)C(C)CN1c2ccccc2Sc2ccccc21,CDOZDBSBBXSXLB-UHFFFAOYSA-N,4.318733747
TOX-2020,3746,(8-methyl-8-propan-2-yl-8-azoniabicyclo[3.2.1]octan-3-yl) 3-hydroxy-2-phenylpropanoate,CC(C)[N+]1(C)C2CCC1CC(OC(=O)C(CO)c1ccccc1)C2,CC(C)[N+]1(C)C2CCC1CC(OC(=O)C(CO)c1ccccc1)C2,OEXHQOGQTVQTAT-UHFFFAOYSA-N,4.325844973
TOX-20791,71691,"2-(2,2-dicyclopentylacetyl)oxyethyl-diethyl-octylazanium",CCCCCCCC[N+](CC)(CC)CCOC(=O)C(C1CCCC1)C1CCCC1,CCCCCCCC[N+](CC)(CC)CCOC(=O)C(C1CCCC1)C1CCCC1,JQVBGTKMTRKHML-UHFFFAOYSA-N,4.332641473
TOX-6017,2335,"benzyl-dimethyl-[2-[2-[4-(2,4,4-trimethylpentan-2-yl)phenoxy]ethoxy]ethyl]azanium",CC(C)(C)CC(C)(C)c1ccc(OCCOCC[N+](C)(C)Cc2ccccc2)cc1,CC(C)(C)CC(C)(C)c1ccc(OCCOCC[N+](C)(C)Cc2ccccc2)cc1,SIYLLGKDQZGJHK-UHFFFAOYSA-N,4.336815619
TOX-73343,119050,8-[[4-(dimethylamino)phenyl]diazenyl]-10-phenylphenazin-10-ium-2-amine,CN(C)c1ccc(N=Nc2ccc3nc4ccc(N)cc4[n+](-c4ccccc4)c3c2)cc1,CN(C)c1ccc(N=Nc2ccc3nc4ccc(N)cc4[n+](-c4ccccc4)c3c2)cc1,CPPJVWFFGYGRLG-UHFFFAOYSA-O,4.346282584
TOX-54889,1008292,"ethyl N-[11-[3-(dimethylamino)propanoyl]-5,6-dihydrobenzo[b][1]benzazepin-2-yl]carbamate",CCOC(=O)Nc1ccc2c(c1)N(C(=O)CCN(C)C)c1ccccc1CC2,CCOC(=O)Nc1ccc2c(c1)N(C(=O)CCN(C)C)c1ccccc1CC2,QWZNTHPYWMQGTC-UHFFFAOYSA-N,4.351018299
TOX-3963,15330,"[4-(dimethylamino)-3-methyl-1,2-diphenylbutan-2-yl] propanoate",CCC(=O)OC(Cc1ccccc1)(c1ccccc1)C(C)CN(C)C,CCC(=O)OC(Cc1ccccc1)(c1ccccc1)C(C)CN(C)C,XLMALTXPSGQGBX-UHFFFAOYSA-N,4.354721655
TOX-2781,3917,"4-(2-amino-1-hydroxypropyl)benzene-1,2-diol",CC(N)C(O)c1ccc(O)c(O)c1,CC(N)C(O)c1ccc(O)c(O)c1,GEFQWZLICWMTKF-UHFFFAOYSA-N,4.359852076
TOX-2939,22425,"2-(2-piperidin-1-ylethoxy)ethyl pyrido[3,2-b][1,4]benzothiazine-10-carboxylate",O=C(OCCOCCN1CCCCC1)N1c2ccccc2Sc2cccnc21,O=C(OCCOCCN1CCCCC1)N1c2ccccc2Sc2cccnc21,DTVJXCOMJLLMAK-UHFFFAOYSA-N,4.371085255
TOX-44257,125178,"1-N,1-N-dimethyl-2-N-(1-nitroacridin-9-yl)propane-1,2-diamine",CC(CN(C)C)Nc1c2ccccc2nc2cccc([N+](=O)[O-])c12,CC(CN(C)C)Nc1c2ccccc2nc2cccc([N+](=O)[O-])c12,OMMVCTMDWJLPLM-UHFFFAOYSA-N,4.387207784
TOX-43963,3049180,"1,4-bis[2-(2-methyl-1,3-benzodioxol-2-yl)ethyl]piperazine",CC1(CCN2CCN(CCC3(C)Oc4ccccc4O3)CC2)Oc2ccccc2O1,CC1(CCN2CCN(CCC3(C)Oc4ccccc4O3)CC2)Oc2ccccc2O1,YKOCULXCIBDOKX-UHFFFAOYSA-N,4.393219885
TOX-20788,16684025,,CCCO[Bi](O)O,CCCO[Bi](O)O,KNVUGMFEMTXKBA-UHFFFAOYSA-N,4.400943602
TOX-7572,120277,2-(diethylamino)ethyl 5-(butylamino)-2-hydroxybenzoate,CCCCNc1ccc(O)c(C(=O)OCCN(CC)CC)c1,CCCCNc1ccc(O)c(C(=O)OCCN(CC)CC)c1,ILYMJNCQROIQPN-UHFFFAOYSA-N,4.42468736
TOX-48552,3054457,"1-[2-(2,4-dichloroanilino)ethylamino]-3-phenoxypropan-2-ol",OC(CNCCNc1ccc(Cl)cc1Cl)COc1ccccc1,OC(CNCCNc1ccc(Cl)cc1Cl)COc1ccccc1,OSPDLKDGUVMSLI-UHFFFAOYSA-N,4.436609071
TOX-15161,21957,2-oxaspiro[4.4]nonan-3-one,O=C1CC2(CCCC2)CO1,O=C1CC2(CCCC2)CO1,ALILMFKQNWAAOK-UHFFFAOYSA-N,4.447722248
TOX-30488,215165,"1-(cyclohexylamino)-3-(1,3-diphenylpropan-2-yloxy)propan-2-ol",OC(CNC1CCCCC1)COC(Cc1ccccc1)Cc1ccccc1,OC(CNC1CCCCC1)COC(Cc1ccccc1)Cc1ccccc1,GXVYFLZCKYILED-UHFFFAOYSA-N,4.451352987
TOX-77654,122007,"5-[5-hydroxy-6-(3-hydroxyoct-1-enyl)-1,3a,4,5,6,6a-hexahydropentalen-2-yl]pentanoic acid",CCCCCC(O)C=CC1C(O)CC2C=C(CCCCC(=O)O)CC21,CCCCCC(O)C=CC1C(O)CC2C=C(CCCCC(=O)O)CC21,JANVYOZZTKSZGN-UHFFFAOYSA-N,4.458326953
TOX-11171,5567,1-(4-fluorophenyl)-4-[4-hydroxy-4-[3-(trifluoromethyl)phenyl]piperidin-1-yl]butan-1-one,O=C(CCCN1CCC(O)(c2cccc(C(F)(F)F)c2)CC1)c1ccc(F)cc1,O=C(CCCN1CCC(O)(c2cccc(C(F)(F)F)c2)CC1)c1ccc(F)cc1,GPMXUUPHFNMNDH-UHFFFAOYSA-N,4.466044201
TOX-2199,5052,"methyl 6,18-dimethoxy-17-(3,4,5-trimethoxybenzoyl)oxy-1,3,11,12,14,15,16,17,18,19,20,21-dodecahydroyohimban-19-carboxylate",COC(=O)C1C2CC3c4[nH]c5cc(OC)ccc5c4CCN3CC2CC(OC(=O)c2cc(OC)c(OC)c(OC)c2)C1OC,COC(=O)C1C2CC3c4[nH]c5cc(OC)ccc5c4CCN3CC2CC(OC(=O)c2cc(OC)c(OC)c(OC)c2)C1OC,QEVHRUUCFGRFIF-UHFFFAOYSA-N,4.472770095
TOX-24955,211486,"3,5-dichloro-N-[(1-ethylpyrrolidin-2-yl)methyl]-2-phenylmethoxybenzamide",CCN1CCCC1CNC(=O)c1cc(Cl)cc(Cl)c1OCc1ccccc1,CCN1CCCC1CNC(=O)c1cc(Cl)cc(Cl)c1OCc1ccccc1,NSHCYKGCMPCBBA-UHFFFAOYSA-N,4.479624357
TOX-71140,9822317,"2-[4-(3,4-dihydro-2H-chromen-2-ylmethylamino)butyl]-1,1-dioxo-1,2-benzothiazol-3-one",O=C1c2ccccc2S(=O)(=O)N1CCCCNCC1CCc2ccccc2O1,O=C1c2ccccc2S(=O)(=O)N1CCCCNCC1CCc2ccccc2O1,YGYBFMRFXNDIPO-UHFFFAOYSA-N,4.488659168
TOX-38244,42243,"piperidin-3-yl 2-hydroxy-2,2-diphenylacetate",O=C(OC1CCCNC1)C(O)(c1ccccc1)c1ccccc1,O=C(OC1CCCNC1)C(O)(c1ccccc1)c1ccccc1,IGXOSKVDCFQEBF-UHFFFAOYSA-N,4.493292109
TOX-29420,4019,"(6,6,9-trimethyl-9-azabicyclo[3.3.1]nonan-3-yl) 2-hydroxy-2,2-dithiophen-2-ylacetate",CN1C2CCC(C)(C)C1CC(OC(=O)C(O)(c1cccs1)c1cccs1)C2,CN1C2CCC(C)(C)C1CC(OC(=O)C(O)(c1cccs1)c1cccs1)C2,AMHPTVWBZSYFSS-UHFFFAOYSA-N,4.497492175
TOX-41512,3402,"[8-(2-fluoroethyl)-8-methyl-8-azoniabicyclo[3.2.1]octan-3-yl] 2-hydroxy-2,2-diphenylacetate",C[N+]1(CCF)C2CCC1CC(OC(=O)C(O)(c1ccccc1)c1ccccc1)C2,C[N+]1(CCF)C2CCC1CC(OC(=O)C(O)(c1ccccc1)c1ccccc1)C2,OATDVDIMNNZTEY-UHFFFAOYSA-N,4.503516133
TOX-23930,30668,"2-[1-(2,6-dichlorophenoxy)ethyl]-4,5-dihydro-1H-imidazole",CC(Oc1c(Cl)cccc1Cl)C1=NCCN1,CC(Oc1c(Cl)cccc1Cl)C1=NCCN1,KSMAGQUYOIHWFS-UHFFFAOYSA-N,4.510437764
TOX-70024,3077217,"ethyl N-[11-[2-(benzylamino)acetyl]-5,6-dihydrobenzo[b][1]benzazepin-2-yl]carbamate",CCOC(=O)Nc1ccc2c(c1)N(C(=O)CNCc1ccccc1)c1ccccc1CC2,CCOC(=O)Nc1ccc2c(c1)N(C(=O)CNCc1ccccc1)c1ccccc1CC2,QXPDQORYOLFZDL-UHFFFAOYSA-N,4.519040039
TOX-54402,54145,"1-[3-[2-(2-methyl-1,3-benzodioxol-2-yl)ethoxy]propyl]piperidine",CC1(CCOCCCN2CCCCC2)Oc2ccccc2O1,CC1(CCOCCCN2CCCCC2)Oc2ccccc2O1,VQUSZZPVQDUFAR-UHFFFAOYSA-N,4.530652119
TOX-2168,4844,"7-[4-amino-6-methyl-5-(oxan-2-yloxy)oxan-2-yl]oxy-6,9,11-trihydroxy-9-(2-hydroxyacetyl)-4-methoxy-8,10-dihydro-7H-tetracene-5,12-dione",COc1cccc2c1C(=O)c1c(O)c3c(c(O)c1C2=O)CC(O)(C(=O)CO)CC3OC1CC(N)C(OC2CCCCO2)C(C)O1,COc1cccc2c1C(=O)c1c(O)c3c(c(O)c1C2=O)CC(O)(C(=O)CO)CC3OC1CC(N)C(OC2CCCCO2)C(C)O1,KMSKQZKKOZQFFG-UHFFFAOYSA-N,4.540034115
TOX-59877,57392,"6-(2,3-dichlorophenyl)-3-imino-2-propan-2-yl-1,2,4-triazin-5-amine",CC(C)n1nc(-c2cccc(Cl)c2Cl)c(=N)nc1N,CC(C)n1nc(-c2cccc(Cl)c2Cl)c(=N)nc1N,XJQJAFGEQVKYNF-UHFFFAOYSA-N,4.55330809
TOX-64428,60088,3-[2-[2-[di(propan-2-yl)amino]ethoxy]phenoxy]-4-phenylbut-3-en-2-one,CC(=O)C(=Cc1ccccc1)Oc1ccccc1OCCN(C(C)C)C(C)C,CC(=O)C(=Cc1ccccc1)Oc1ccccc1OCCN(C(C)C)C(C)C,CQPLCYXDSOOQBU-UHFFFAOYSA-N,4.577191382
TOX-3888,2958,"9-acetyl-7-(4-amino-5-hydroxy-6-methyloxan-2-yl)oxy-6,9,11-trihydroxy-4-methoxy-8,10-dihydro-7H-tetracene-5,12-dione",COc1cccc2c1C(=O)c1c(O)c3c(c(O)c1C2=O)CC(O)(C(C)=O)CC3OC1CC(N)C(O)C(C)O1,COc1cccc2c1C(=O)c1c(O)c3c(c(O)c1C2=O)CC(O)(C(C)=O)CC3OC1CC(N)C(O)C(C)O1,STQGQHZAVUOBTE-UHFFFAOYSA-N,4.587604175
TOX-37343,13059620,"2-[methyl-[2-[methyl-[1-(3,4,5-trimethoxybenzoyl)oxybutan-2-yl]amino]ethyl]amino]butyl 3,4,5-trimethoxybenzoate",CCC(COC(=O)c1cc(OC)c(OC)c(OC)c1)N(C)CCN(C)C(CC)COC(=O)c1cc(OC)c(OC)c(OC)c1,CCC(COC(=O)c1cc(OC)c(OC)c(OC)c1)N(C)CCN(C)C(CC)COC(=O)c1cc(OC)c(OC)c(OC)c1,ZKSIPEYIAHUPNM-UHFFFAOYSA-N,4.594252645
TOX-2107,4494,"3-O-methyl 5-O-propan-2-yl 2-cyano-6-methyl-4-(3-nitrophenyl)-1,4-dihydropyridine-3,5-dicarboxylate",COC(=O)C1=C(C#N)NC(C)=C(C(=O)OC(C)C)C1c1cccc([N+](=O)[O-])c1,COC(=O)C1=C(C#N)NC(C)=C(C(=O)OC(C)C)C1c1cccc([N+](=O)[O-])c1,FAIIFDPAEUKBEP-UHFFFAOYSA-N,4.601357351
TOX-15370,71535,[8-methyl-8-[2-oxo-2-(4-phenylphenyl)ethyl]-8-azoniabicyclo[3.2.1]octan-3-yl] 3-hydroxy-2-phenylpropanoate,C[N+]1(CC(=O)c2ccc(-c3ccccc3)cc2)C2CCC1CC(OC(=O)C(CO)c1ccccc1)C2,C[N+]1(CC(=O)c2ccc(-c3ccccc3)cc2)C2CCC1CC(OC(=O)C(CO)c1ccccc1)C2,CSYZZFNWCDOVIM-UHFFFAOYSA-N,4.620939759
TOX-4353,3048,"3,4,5,6,13,13-hexachloro-10-oxapentacyclo[6.3.1.13,6.02,7.09,11]tridec-4-ene",ClC1=C(Cl)C2(Cl)C3C4CC(C5OC45)C3C1(Cl)C2(Cl)Cl,ClC1=C(Cl)C2(Cl)C3C4CC(C5OC45)C3C1(Cl)C2(Cl)Cl,DFBKLUNHFCTMDC-UHFFFAOYSA-N,4.626583285
TOX-22780,3074,"3-[4-[3-(3,4,5-trimethoxybenzoyl)oxypropyl]-1,4-diazepan-1-yl]propyl 3,4,5-trimethoxybenzoate",COc1cc(C(=O)OCCCN2CCCN(CCCOC(=O)c3cc(OC)c(OC)c(OC)c3)CC2)cc(OC)c1OC,COc1cc(C(=O)OCCCN2CCCN(CCCOC(=O)c3cc(OC)c(OC)c(OC)c3)CC2)cc(OC)c1OC,QVZCXCJXTMIDME-UHFFFAOYSA-N,4.644817247
TOX-62326,3029849,4-arsoroso-2-nitrophenol,O=[As]c1ccc(O)c([N+](=O)[O-])c1,O=[As]c1ccc(O)c([N+](=O)[O-])c1,JCHDSEMSNUAJSW-UHFFFAOYSA-N,4.660909095
TOX-16773,65593,"[3-[4-acetyloxy-5-(4,5-diacetyloxy-6-methyloxan-2-yl)oxy-6-methyloxan-2-yl]oxy-6-[[16-acetyloxy-14-hydroxy-10,13-dimethyl-17-(5-oxo-2H-furan-3-yl)-1,2,3,4,5,6,7,8,9,11,12,15,16,17-tetradecahydrocyclopenta[a]phenanthren-3-yl]oxy]-2-methyloxan-4-yl] acetate",CC(=O)OC1CC(OC2C(C)OC(OC3C(C)OC(OC4CCC5(C)C(CCC6C5CCC5(C)C(C7=CC(=O)OC7)C(OC(C)=O)CC65O)C4)CC3OC(C)=O)CC2OC(C)=O)OC(C)C1OC(C)=O,CC(=O)OC1CC(OC2C(C)OC(OC3C(C)OC(OC4CCC5(C)C(CCC6C5CCC5(C)C(C7=CC(=O)OC7)C(OC(C)=O)CC65O)C4)CC3OC(C)=O)CC2OC(C)=O)OC(C)C1OC(C)=O,JDYLJSDIEBHXPO-UHFFFAOYSA-N,4.67391308
TOX-27021,71731,"2-(4-butoxyphenoxy)-N-(2,5-diethoxyphenyl)-N-[2-(diethylamino)ethyl]acetamide",CCCCOc1ccc(OCC(=O)N(CCN(CC)CC)c2cc(OCC)ccc2OCC)cc1,CCCCOc1ccc(OCC(=O)N(CCN(CC)CC)c2cc(OCC)ccc2OCC)cc1,OBQUKWIVMOIRGG-UHFFFAOYSA-N,4.687219405
TOX-3415,2909,"30-ethyl-33-(1-hydroxy-2-methylhex-4-enyl)-1,4,7,10,12,15,19,25,28-nonamethyl-6,9,18,24-tetrakis(2-methylpropyl)-3,21-di(propan-2-yl)-1,4,7,10,13,16,19,22,25,28,31-undecazacyclotritriacontane-2,5,8,11,14,17,20,23,26,29,32-undecone",CC=CCC(C)C(O)C1C(=O)NC(CC)C(=O)N(C)CC(=O)N(C)C(CC(C)C)C(=O)NC(C(C)C)C(=O)N(C)C(CC(C)C)C(=O)NC(C)C(=O)NC(C)C(=O)N(C)C(CC(C)C)C(=O)N(C)C(CC(C)C)C(=O)N(C)C(C(C)C)C(=O)N1C,CC=CCC(C)C(O)C1C(=O)NC(CC)C(=O)N(C)CC(=O)N(C)C(CC(C)C)C(=O)NC(C(C)C)C(=O)N(C)C(CC(C)C)C(=O)NC(C)C(=O)NC(C)C(=O)N(C)C(CC(C)C)C(=O)N(C)C(CC(C)C)C(=O)N(C)C(C(C)C)C(=O)N1C,PMATZTZNYRCHOR-UHFFFAOYSA-N,4.699922597
TOX-75150,53463930,"13-ethyl-15-(2-hydroxy-3-piperidin-1-ylpropyl)-8-methyl-8-aza-15-azoniahexacyclo[14.2.1.01,9.02,7.010,15.012,17]nonadeca-2,4,6-triene-14,18-diol",CCC1C2CC3C4N(C)c5ccccc5C45CC(C2C5O)[N+]3(CC(O)CN2CCCCC2)C1O,CCC1C2CC3C4N(C)c5ccccc5C45CC(C2C5O)[N+]3(CC(O)CN2CCCCC2)C1O,PBXKNIPBIUGHOK-UHFFFAOYSA-N,4.716617232
TOX-39237,74822205,"15-[2-(diethylamino)ethyl]-13-ethyl-8-methyl-8-aza-15-azoniahexacyclo[14.2.1.01,9.02,7.010,15.012,17]nonadeca-2,4,6-triene-14,18-diol",CCC1C2CC3C4N(C)c5ccccc5C45CC(C2C5O)[N+]3(CCN(CC)CC)C1O,CCC1C2CC3C4N(C)c5ccccc5C45CC(C2C5O)[N+]3(CCN(CC)CC)C1O,ALUBWZIRVJXLFB-UHFFFAOYSA-N,4.726956314
TOX-73357,4905,"3-benzhydrylidene-1,1-diethyl-2-methylpyrrolidin-1-ium",CC[N+]1(CC)CCC(=C(c2ccccc2)c2ccccc2)C1C,CC[N+]1(CC)CCC(=C(c2ccccc2)c2ccccc2)C1C,ZYEPZINLLPPBMI-UHFFFAOYSA-N,4.74602953
TOX-70041,3077232,ethyl N-[11-[2-(ethylamino)acetyl]benzo[b][1]benzazepin-2-yl]carbamate,CCNCC(=O)N1c2ccccc2C=Cc2ccc(NC(=O)OCC)cc21,CCNCC(=O)N1c2ccccc2C=Cc2ccc(NC(=O)OCC)cc21,WORZJDCFVXQUGR-UHFFFAOYSA-N,4.770416074
TOX-14099,25476,3-amino-4-[[1-[[1-[[1-[[1-[[1-[2-[(1-carboxy-2-phenylethyl)carbamoyl]pyrrolidin-1-yl]-3-(1H-imidazol-5-yl)-1-oxopropan-2-yl]amino]-3-methyl-1-oxopentan-2-yl]amino]-3-(4-hydroxyphenyl)-1-oxopropan-2-yl]amino]-3-methyl-1-oxobutan-2-yl]amino]-5-(diaminomethylideneamino)-1-oxopentan-2-yl]amino]-4-oxobutanoic acid,CCC(C)C(NC(=O)C(Cc1ccc(O)cc1)NC(=O)C(NC(=O)C(CCCNC(=N)N)NC(=O)C(N)CC(=O)O)C(C)C)C(=O)NC(Cc1cnc[nH]1)C(=O)N1CCCC1C(=O)NC(Cc1ccccc1)C(=O)O,CCC(C)C(NC(=O)C(Cc1ccc(O)cc1)NC(=O)C(NC(=O)C(CCCNC(=N)N)NC(=O)C(N)CC(=O)O)C(C)C)C(=O)NC(Cc1cnc[nH]1)C(=O)N1CCCC1C(=O)NC(Cc1ccccc1)C(=O)O,CZGUSIXMZVURDU-UHFFFAOYSA-N,4.779064222
TOX-4380,6143,(3-propan-2-ylphenyl) N-methylcarbamate,CNC(=O)Oc1cccc(C(C)C)c1,CNC(=O)Oc1cccc(C(C)C)c1,GYKXQTKSWLAUIT-UHFFFAOYSA-N,4.787799959
TOX-48332,3054231,1-[butoxy(butyl)phosphoryl]oxy-4-nitrobenzene,CCCCOP(=O)(CCCC)Oc1ccc([N+](=O)[O-])cc1,CCCCOP(=O)(CCCC)Oc1ccc([N+](=O)[O-])cc1,PCXYZTFOYPFJFD-UHFFFAOYSA-N,4.808536155
TOX-5842,3851247,"9,27-bis(3-aminopropyl)-3,21-dibenzyl-6,24-bis(2-methylpropyl)-12,30-di(propan-2-yl)-1,4,7,10,13,19,22,25,28,31-decazatricyclo[31.3.0.015,19]hexatriacontane-2,5,8,11,14,20,23,26,29,32-decone",CC(C)CC1NC(=O)C(CCCN)NC(=O)C(C(C)C)NC(=O)C2CCCN2C(=O)C(Cc2ccccc2)NC(=O)C(CC(C)C)NC(=O)C(CCCN)NC(=O)C(C(C)C)NC(=O)C2CCCN2C(=O)C(Cc2ccccc2)NC1=O,CC(C)CC1NC(=O)C(CCCN)NC(=O)C(C(C)C)NC(=O)C2CCCN2C(=O)C(Cc2ccccc2)NC(=O)C(CC(C)C)NC(=O)C(CCCN)NC(=O)C(C(C)C)NC(=O)C2CCCN2C(=O)C(Cc2ccccc2)NC1=O,IUAYMJGZBVDSGL-UHFFFAOYSA-N,4.827015581
TOX-41794,23622699,(5-ethenyl-1-ethyl-1-azoniabicyclo[2.2.2]octan-2-yl)-(6-methoxyquinolin-4-yl)methanol,C=CC1C[N+]2(CC)CCC1CC2C(O)c1ccnc2ccc(OC)cc12,C=CC1C[N+]2(CC)CCC1CC2C(O)c1ccnc2ccc(OC)cc12,JVRLGOCJPSCECH-UHFFFAOYSA-N,4.832368874
TOX-8509,522251,"(2-chloro-4,5-dimethylphenyl) N-methylcarbamate",CNC(=O)Oc1cc(C)c(C)cc1Cl,CNC(=O)Oc1cc(C)c(C)cc1Cl,QRTXZGIQTYDABO-UHFFFAOYSA-N,4.8526101
TOX-17109,165619,1-diethylphosphoryloxy-4-nitrobenzene,CCP(=O)(CC)Oc1ccc([N+](=O)[O-])cc1,CCP(=O)(CC)Oc1ccc([N+](=O)[O-])cc1,DOJNLTSZOHKYAA-UHFFFAOYSA-N,4.860916978
TOX-4304,991,diethoxy-(4-nitrophenoxy)-sulfanylidene-lambda5-phosphane,CCOP(=S)(OCC)Oc1ccc([N+](=O)[O-])cc1,CCOP(=S)(OCC)Oc1ccc([N+](=O)[O-])cc1,LCCNCVORNKJIRZ-UHFFFAOYSA-N,4.884504704
TOX-39225,3041978,"14-butan-2-yl-3-methyl-16-(2-piperidin-1-ylethyl)-3,16-diazapentacyclo[10.3.1.110,13.02,10.04,9]heptadeca-4,6,8-trien-17-ol",CCC(C)C1CC2C3N(C)c4ccccc4C34CC(C1C4O)N2CCN1CCCCC1,CCC(C)C1CC2C3N(C)c4ccccc4C34CC(C1C4O)N2CCN1CCCCC1,SUELAGWTBYZFJK-UHFFFAOYSA-N,4.902803533
TOX-70570,2834,"(5-acetyloxy-3-ethenyl-10,10b-dihydroxy-3,4a,7,7,10a-pentamethyl-1-oxo-5,6,6a,8,9,10-hexahydro-2H-benzo[f]chromen-6-yl) 3-(dimethylamino)propanoate",C=CC1(C)CC(=O)C2(O)C(C)(O1)C(OC(C)=O)C(OC(=O)CCN(C)C)C1C(C)(C)CCC(O)C12C,C=CC1(C)CC(=O)C2(O)C(C)(O1)C(OC(C)=O)C(OC(=O)CCN(C)C)C1C(C)(C)CCC(O)C12C,RSOZZQTUMVBTMR-UHFFFAOYSA-N,4.921933672
TOX-73666,83975,"(1,3-dioxo-4,5,6,7-tetrahydroisoindol-2-yl)methyl 2,2-dimethyl-3-(2-methylprop-1-enyl)cyclopropane-1-carboxylate",CC(C)=CC1C(C(=O)OCN2C(=O)C3=C(CCCC3)C2=O)C1(C)C,CC(C)=CC1C(C(=O)OCN2C(=O)C3=C(CCCC3)C2=O)C1(C)C,CXBMCYHAMVGWJQ-UHFFFAOYSA-N,4.976300185
TOX-20781,28245,"N',N'-diethyl-N-(1-nitroacridin-9-yl)ethane-1,2-diamine",CCN(CC)CCNc1c2ccccc2nc2cccc([N+](=O)[O-])c12,CCN(CC)CCNc1c2ccccc2nc2cccc([N+](=O)[O-])c12,KQXNZWRSJOPJHO-UHFFFAOYSA-N,4.997965554
TOX-39226,3041979,"14-butan-2-yl-16-[3-(diethylamino)-2-hydroxypropyl]-3-methyl-3,16-diazapentacyclo[10.3.1.110,13.02,10.04,9]heptadeca-4,6,8-trien-17-ol",CCC(C)C1CC2C3N(C)c4ccccc4C34CC(C1C4O)N2CC(O)CN(CC)CC,CCC(C)C1CC2C3N(C)c4ccccc4C34CC(C1C4O)N2CC(O)CN(CC)CC,NLERWUCYFTTXAR-UHFFFAOYSA-N,5.011619613
TOX-39239,3041977,"14-butan-2-yl-16-[2-(diethylamino)ethyl]-3-methyl-3,16-diazapentacyclo[10.3.1.110,13.02,10.04,9]heptadeca-4,6,8-trien-17-ol",CCC(C)C1CC2C3N(C)c4ccccc4C34CC(C1C4O)N2CCN(CC)CC,CCC(C)C1CC2C3N(C)c4ccccc4C34CC(C1C4O)N2CCN(CC)CC,DBZUPQBBYWKFDB-UHFFFAOYSA-N,5.041447221
TOX-1964,3345,N-phenyl-N-[1-(2-phenylethyl)piperidin-4-yl]propanamide,CCC(=O)N(c1ccccc1)C1CCN(CCc2ccccc2)CC1,CCC(=O)N(c1ccccc1)C1CCN(CCc2ccccc2)CC1,PJMPHNIQZUBGLI-UHFFFAOYSA-N,5.063064976
TOX-16873,537229,"N-methyl-N-(1,2,3,10-tetramethoxy-9-oxo-6,7-dihydro-5H-benzo[a]heptalen-7-yl)acetamide",COc1cc2c(c(OC)c1OC)-c1ccc(OC)c(=O)cc1C(N(C)C(C)=O)CC2,COc1cc2c(c(OC)c1OC)-c1ccc(OC)c(=O)cc1C(N(C)C(C)=O)CC2,AHZFWPXTSZCLDJ-UHFFFAOYSA-N,5.084965087
TOX-39931,43260,"2-amino-1-(2,5-dimethoxyphenyl)ethanol",COc1ccc(OC)c(C(O)CN)c1,COc1ccc(OC)c(C(O)CN)c1,VFRCNXKYZVQYLX-UHFFFAOYSA-N,5.127664448
TOX-54890,1129893,"methyl N-[11-(3-piperidin-1-ylpropanoyl)-5,6-dihydrobenzo[b][1]benzazepin-2-yl]carbamate",COC(=O)Nc1ccc2c(c1)N(C(=O)CCN1CCCCC1)c1ccccc1CC2,COC(=O)Nc1ccc2c(c1)N(C(=O)CCN1CCCCC1)c1ccccc1CC2,YKYOIFYOKHOTFI-UHFFFAOYSA-N,5.133021279
TOX-40180,173761,methyl 4-(N-propanoylanilino)-1-(2-thiophen-2-ylethyl)piperidine-4-carboxylate,CCC(=O)N(c1ccccc1)C1(C(=O)OC)CCN(CCc2cccs2)CC1,CCC(=O)N(c1ccccc1)C1(C(=O)OC)CCN(CCc2cccs2)CC1,JBZRLYJWUZOCQL-UHFFFAOYSA-N,5.155492199
TOX-39222,74328522,"13-ethyl-15-(2-hydroxy-3-propoxypropyl)-8-methyl-8-aza-15-azoniahexacyclo[14.2.1.01,9.02,7.010,15.012,17]nonadeca-2,4,6-triene-14,18-diol",CCCOCC(O)C[N+]12C(O)C(CC)C3CC1C1N(C)c4ccccc4C14CC2C3C4O,CCCOCC(O)C[N+]12C(O)C(CC)C3CC1C1N(C)c4ccccc4C14CC2C3C4O,NBVOTHSQFXPNLY-UHFFFAOYSA-N,5.184601372
TOX-4453,4630,1-(4-pyrrolidin-1-ylbut-2-ynyl)pyrrolidin-2-one,O=C1CCCN1CC#CCN1CCCC1,O=C1CCCN1CC#CCN1CCCC1,RSDOPYMFZBJHRL-UHFFFAOYSA-N,5.22811624
TOX-1828,2649,3-[(4-carbamoylpyridin-1-ium-1-yl)methyl]-8-oxo-7-[(2-phenyl-2-sulfoacetyl)amino]-5-thia-1-azabicyclo[4.2.0]oct-2-ene-2-carboxylic acid,NC(=O)c1cc[n+](CC2=C(C(=O)O)N3C(=O)C(NC(=O)C(c4ccccc4)S(=O)(=O)O)C3SC2)cc1,NC(=O)c1cc[n+](CC2=C(C(=O)O)N3C(=O)C(NC(=O)C(c4ccccc4)S(=O)(=O)O)C3SC2)cc1,SYLKGLMBLAAGSC-UHFFFAOYSA-O,5.245743891
TOX-39928,43258,diethyl-methyl-[3-(methylcarbamoyloxy)phenyl]azanium,CC[N+](C)(CC)c1cccc(OC(=O)NC)c1,CC[N+](C)(CC)c1cccc(OC(=O)NC)c1,YTCJPPXUWSLTGR-UHFFFAOYSA-O,5.288979999
TOX-2774,3890,"propan-2-yl 7-[3,5-dihydroxy-2-(3-hydroxy-5-phenylpentyl)cyclopentyl]hept-5-enoate",CC(C)OC(=O)CCCC=CCC1C(O)CC(O)C1CCC(O)CCc1ccccc1,CC(C)OC(=O)CCCC=CCC1C(O)CC(O)C1CCC(O)CCc1ccccc1,GGXICVAJURFBLW-UHFFFAOYSA-N,5.335057523
TOX-7405,10461,1-chloro-2-(2-chloroethylsulfanyl)ethane,ClCCSCCCl,ClCCSCCCl,QKSKPIVNLNLAAV-UHFFFAOYSA-N,5.356520272
TOX-16673,310900,"2-(7-cyano-8,16-dihydroxy-9,11,13,15-tetramethyl-18-oxo-1-oxacyclooctadeca-4,6-dien-2-yl)cyclopentane-1-carboxylic acid",CC1CC(C)CC(C)C(O)C(C#N)=CC=CCC(C2CCCC2C(=O)O)OC(=O)CC(O)C(C)C1,CC1CC(C)CC(C)C(O)C(C#N)=CC=CCC(C2CCCC2C(=O)O)OC(=O)CC(O)C(C)C1,OJCKRNPLOZHAOU-UHFFFAOYSA-N,5.388858424
TOX-40083,43381,N-[4-acetyl-1-(2-phenylethyl)piperidin-4-yl]-N-phenylcyclopropanecarboxamide,CC(=O)C1(N(C(=O)C2CC2)c2ccccc2)CCN(CCc2ccccc2)CC1,CC(=O)C1(N(C(=O)C2CC2)c2ccccc2)CCN(CCc2ccccc2)CC1,NFENKNXOMHOGEC-UHFFFAOYSA-N,5.451771979
TOX-17737,409778,"2-[2-[2-[6-(3,15-dihydroxy-5',7,9,13-tetramethylspiro[5-oxapentacyclo[10.8.0.02,9.04,8.013,18]icosane-6,2'-oxane]-16-yl)oxy-4,5-dihydroxy-2-(hydroxymethyl)oxan-3-yl]oxy-5-hydroxy-6-(hydroxymethyl)-4-(3,4,5-trihydroxyoxan-2-yl)oxyoxan-3-yl]oxy-3,5-dihydroxy-6-(hydroxymethyl)oxan-4-yl]oxy-6-(hydroxymethyl)oxane-3,4,5-triol",CC1CCC2(OC1)OC1C(O)C3C4CCC5CC(OC6OC(CO)C(OC7OC(CO)C(O)C(OC8OCC(O)C(O)C8O)C7OC7OC(CO)C(O)C(OC8OC(CO)C(O)C(O)C8O)C7O)C(O)C6O)C(O)CC5(C)C4CCC3(C)C1C2C,CC1CCC2(OC1)OC1C(O)C3C4CCC5CC(OC6OC(CO)C(OC7OC(CO)C(O)C(OC8OCC(O)C(O)C8O)C7OC7OC(CO)C(O)C(OC8OC(CO)C(O)C(O)C8O)C7O)C(O)C6O)C(O)CC5(C)C4CCC3(C)C1C2C,UVYVLBIGDKGWPX-UHFFFAOYSA-N,5.487606016
TOX-17778,4555259,"6-[[9-acetyloxy-8-hydroxy-4,8a-bis(hydroxymethyl)-4,6a,6b,11,11,14b-hexamethyl-10-(2-methylbut-2-enoyloxy)-1,2,3,4a,5,6,7,8,9,10,12,12a,14,14a-tetradecahydropicen-3-yl]oxy]-4-hydroxy-3,5-bis[[3,4,5-trihydroxy-6-(hydroxymethyl)oxan-2-yl]oxy]oxane-2-carboxylic acid",CC=C(C)C(=O)OC1C(OC(C)=O)C2(CO)C(O)CC3(C)C(=CCC4C5(C)CCC(OC6OC(C(=O)O)C(OC7OC(CO)C(O)C(O)C7O)C(O)C6OC6OC(CO)C(O)C(O)C6O)C(C)(CO)C5CCC43C)C2CC1(C)C,CC=C(C)C(=O)OC1C(OC(C)=O)C2(CO)C(O)CC3(C)C(=CCC4C5(C)CCC(OC6OC(C(=O)O)C(OC7OC(CO)C(O)C(O)C7O)C(O)C6OC6OC(CO)C(O)C(O)C6O)C(C)(CO)C5CCC43C)C2CC1(C)C,AXNVHPCVMSNXNP-UHFFFAOYSA-N,5.536854009
TOX-41713,149747,"N-(1-nitroacridin-9-yl)-N'-propan-2-ylpropane-1,3-diamine",CC(C)NCCCNc1c2ccccc2nc2cccc([N+](=O)[O-])c12,CC(C)NCCCNc1c2ccccc2nc2cccc([N+](=O)[O-])c12,QXNCBKQFKXJKGD-UHFFFAOYSA-N,5.575201962
TOX-35545,430461,"9-acetyl-7-(4-amino-5-hydroxy-6-methyloxan-2-yl)oxy-4,6,9,11-tetrahydroxy-8,10-dihydro-7H-tetracene-5,12-dione",CC(=O)C1(O)Cc2c(O)c3c(c(O)c2C(OC2CC(N)C(O)C(C)O2)C1)C(=O)c1c(O)cccc1C3=O,CC(=O)C1(O)Cc2c(O)c3c(c(O)c2C(OC2CC(N)C(O)C(C)O2)C1)C(=O)c1c(O)cccc1C3=O,XREUEWVEMYWFFA-UHFFFAOYSA-N,5.596293463
TOX-4440,6235,"2,3,5-tris(aziridin-1-yl)cyclohexa-2,5-diene-1,4-dione",O=C1C=C(N2CC2)C(=O)C(N2CC2)=C1N1CC1,O=C1C=C(N2CC2)C(=O)C(N2CC2)=C1N1CC1,PXSOHRWMIRDKMP-UHFFFAOYSA-N,5.665121127
TOX-19929,3116,(1-methylpyridin-1-ium-3-yl) N-methyl-N-[6-[methyl-(1-methylpyridin-1-ium-3-yl)oxycarbonylamino]hexyl]carbamate,CN(CCCCCCN(C)C(=O)Oc1ccc[n+](C)c1)C(=O)Oc1ccc[n+](C)c1,CN(CCCCCCN(C)C(=O)Oc1ccc[n+](C)c1)C(=O)Oc1ccc[n+](C)c1,AHZBEVXBKNYXPU-UHFFFAOYSA-N,5.750406225
TOX-21685,230076,"2-[4-[4-(4,5-dihydroxy-4,6-dimethyloxan-2-yl)oxy-5-hydroxy-6-methyloxan-2-yl]oxy-5-hydroxy-6-methyloxan-2-yl]oxy-3-(3,4-dihydroxy-1-methoxy-2-oxopentyl)-6-[4-(4,5-dihydroxy-6-methyloxan-2-yl)oxy-5-hydroxy-6-methyloxan-2-yl]oxy-8,9-dihydroxy-7-methyl-3,4-dihydro-2H-anthracen-1-one",COC(C(=O)C(O)C(C)O)C1Cc2cc3cc(OC4CC(OC5CC(O)C(O)C(C)O5)C(O)C(C)O4)c(C)c(O)c3c(O)c2C(=O)C1OC1CC(OC2CC(OC3CC(C)(O)C(O)C(C)O3)C(O)C(C)O2)C(O)C(C)O1,COC(C(=O)C(O)C(C)O)C1Cc2cc3cc(OC4CC(OC5CC(O)C(O)C(C)O5)C(O)C(C)O4)c(C)c(O)c3c(O)c2C(=O)C1OC1CC(OC2CC(OC3CC(C)(O)C(O)C(C)O3)C(O)C(C)O2)C(O)C(C)O1,CFCUWKMKBJTWLW-UHFFFAOYSA-N,5.794693405
TOX-38319,53686035,"5-[2-[1-(5-hydroxy-6-methylheptan-2-yl)-7a-methyl-2,3,3a,5,6,7-hexahydro-1H-inden-4-ylidene]ethylidene]-4-methylidenecyclohexane-1,3-diol",C=C1C(=CC=C2CCCC3(C)C2CCC3C(C)CCC(O)C(C)C)CC(O)CC1O,C=C1C(=CC=C2CCCC3(C)C2CCC3C(C)CCC(O)C(C)C)CC(O)CC1O,BJYLYJCXYAMOFT-UHFFFAOYSA-N,5.874692425
TOX-77319,23447010,"4-(dimethylamino)-N-(2,6-dimethylphenyl)-1-(2-hydroxycyclohexyl)piperidine-4-carboxamide",Cc1cccc(C)c1NC(=O)C1(N(C)C)CCN(C2CCCCC2O)CC1,Cc1cccc(C)c1NC(=O)C1(N(C)C)CCN(C2CCCCC2O)CC1,MFKCGXDCHAFQQZ-UHFFFAOYSA-N,5.928885601
TOX-43160,116228,3-diethoxyphosphorylsulfanylpropyl-ethyl-methylsulfanium,CCOP(=O)(OCC)SCCC[S+](C)CC,CCOP(=O)(OCC)SCCC[S+](C)CC,UGRJZAYZHWBBKR-UHFFFAOYSA-N,5.996099344
TOX-1933,3235,"2-[5-(2-methyl-3-phenylprop-2-enylidene)-4-oxo-2-sulfanylidene-1,3-thiazolidin-3-yl]acetic acid",CC(=Cc1ccccc1)C=C1SC(=S)N(CC(=O)O)C1=O,CC(=Cc1ccccc1)C=C1SC(=S)N(CC(=O)O)C1=O,CHNUOJQWGUIOLD-UHFFFAOYSA-N,6.097804249
TOX-4742,5102,"16,17-dimethoxy-6-prop-1-en-2-yl-2,7,20-trioxapentacyclo[11.8.0.03,11.04,8.014,19]henicosa-3(11),4(8),9,14,16,18-hexaen-12-one",C=C(C)C1Cc2c(ccc3c2OC2COc4cc(OC)c(OC)cc4C2C3=O)O1,C=C(C)C1Cc2c(ccc3c2OC2COc4cc(OC)c(OC)cc4C2C3=O)O1,,6.294932236
TOX-44743,76419053,"[4-[4-[4-[3,5-dihydroxy-6-(hydroxymethyl)-4-[3,4,5-trihydroxy-6-(hydroxymethyl)oxan-2-yl]oxyoxan-2-yl]oxy-3,5-dihydroxy-6-(hydroxymethyl)oxan-2-yl]oxy-3,5-dihydroxy-6-(hydroxymethyl)oxan-2-yl]oxy-3,5-dihydroxy-6-(hydroxymethyl)oxan-2-yl] 10-[4-[3,5-dihydroxy-6-(hydroxymethyl)-4-[3,4,5-trihydroxy-6-(hydroxymethyl)oxan-2-yl]oxyoxan-2-yl]oxy-3,5-dihydroxy-6-(hydroxymethyl)oxan-2-yl]oxy-9-formyl-5-hydroxy-2,2,6a,6b,9,12a-hexamethyl-1,3,4,5,6,6a,7,8,8a,10,11,12,13,14b-tetradecahydropicene-4a-carboxylate",CC1(C)CCC2(C(=O)OC3OC(CO)C(O)C(OC4OC(CO)C(O)C(OC5OC(CO)C(O)C(OC6OC(CO)C(O)C(OC7OC(CO)C(O)C(O)C7O)C6O)C5O)C4O)C3O)C(O)CC3(C)C(=CCC4C5(C)CCC(OC6OC(CO)C(O)C(OC7OC(CO)C(O)C(OC8OC(CO)C(O)C(O)C8O)C7O)C6O)C(C)(C=O)C5CCC43C)C2C1,CC1(C)CCC2(C(=O)OC3OC(CO)C(O)C(OC4OC(CO)C(O)C(OC5OC(CO)C(O)C(OC6OC(CO)C(O)C(OC7OC(CO)C(O)C(O)C7O)C6O)C5O)C4O)C3O)C(O)CC3(C)C(=CCC4C5(C)CCC(OC6OC(CO)C(O)C(OC7OC(CO)C(O)C(OC8OC(CO)C(O)C(O)C8O)C7O)C6O)C(C)(C=O)C5CCC43C)C2C1,UZQJVUCHXGYFLQ-UHFFFAOYSA-N,6.42527647
TOX-5571,7871,2-[fluoro(methyl)phosphoryl]oxypropane,CC(C)OP(C)(=O)F,CC(C)OP(C)(=O)F,DYAHQFWOVKZOOW-UHFFFAOYSA-N,6.555354929
TOX-5132,7305,"3-[fluoro(methyl)phosphoryl]oxy-2,2-dimethylbutane",CC(OP(C)(=O)F)C(C)(C)C,CC(OP(C)(=O)F)C(C)(C)C,GRXKLBBBQUKJJZ-UHFFFAOYSA-N,6.612128767
TOX-23193,102302,"2-[ethoxy(methyl)phosphoryl]sulfanyl-N,N-dimethylethanamine",CCOP(C)(=O)SCCN(C)C,CCOP(C)(=O)SCCN(C)C,PKDYQTANBZBIRM-UHFFFAOYSA-N,7.094382744
TOX-34697,39793,N-[2-[ethoxy(methyl)phosphoryl]sulfanylethyl]-N-propan-2-ylpropan-2-amine,CCOP(C)(=O)SCCN(C(C)C)C(C)C,CCOP(C)(=O)SCCN(C(C)C)C(C)C,JJIUCEJQJXNMHV-UHFFFAOYSA-N,7.582022758
